"Name","State","Notes","User","Tags","Created","Runtime","Sweep","dataset_name","diameter","n_faces","n_steps","n_times","n_vertices","noise_factor","subdivisions","diff_dist","diff_dist_per_vertex","diff_duration","diff_duration_per_vertex","diff_seq_duration","diff_seq_duration_per_time_and_vertex","diff_seq_per_time_and_vertex","diff_seq_per_time_vertex_diameter","geodesic_dist","geodesic_dist_per_vertex","geodesic_duration","geodesic_regression_duration","geodesic_regression_duration_per_vertex","line_duration","linear_dist","linear_dist_per_vertex","linear_regression_duration","linear_regression_duration_per_vertex","relative_diff_dist","relative_diff_duration","relative_diff_seq_duration","relative_diff_seq_per_time_and_vertex","run_name"
"run_1bsy3km0","running","-","ninamiolane","","2023-07-06T09:29:11.000Z","2581","","synthetic","162000","1280","20","5","642","1","3","","","","","","","","","","","","","","","","","","","","","","",""
"run_c5ewczah","finished","-","ninamiolane","","2023-07-06T08:53:32.000Z","2137","","synthetic","5400","320","20","10","162","1","2","-56397612818.35974","-348133412.4590107","-163.44827365875244","-1.0089399608564966","-1961.5503990650177","-1.210833579669764","144.50293278230055","0.026759802367092692","56397738256.6645","348134186.76953393","1961.5507066249847","163.4483962059021","1.0089407173203833","0.0003075599670410156","125438.30475544532","774.3105231817611","0.00012254714965820312","7.564638867790316e-7","-449604.3926001121","-1333758.2645914396","-6377781.926356589","-3936.902423676907","run_c5ewczah"
"run_uu30semj","finished","-","ninamiolane","","2023-07-06T08:34:04.000Z","1167","","synthetic","5400","320","20","5","162","1","2","-53889596934.28099","-332651832.92766047","-142.40207433700562","-0.8790251502284298","-1010.4302513599396","-1.2474447547653575","193.49883017220947","0.03583311669855731","53889711859.95795","332652542.3454194","1010.4304873943328","142.40223503112793","0.8790261421674563","0.00023603439331054688","114925.67695909445","709.4177590067558","0.00016069412231445312","9.919390266324269e-7","-468908.24017910246","-886168.5311572701","-4280860.247474748","-5285.012651203392","run_uu30semj"
"run_76bkw2k3","finished","-","ninamiolane","","2023-07-06T08:25:48.000Z","494","","synthetic","180","80","20","10","42","1","1","-1761807.9056933892","-41947.80727841403","-18.905155658721924","-0.45012275377909344","-462.1526856422424","-1.1003635372434344","8.988010475150753","0.0499333915286153","1763830.782215174","41995.97100512319","462.1530072689056","18.905250549316406","0.4501250130789621","0.0003216266632080078","2022.8765217848695","48.16372670916356","0.00009489059448242188","0.0000022592998686290923","-870.941892260864","-199231.0804020101","-1436922.8005930318","-3421.2447633167426","run_76bkw2k3"
"run_mvg1ftc9","finished","-","ninamiolane","","2023-07-06T08:21:09.000Z","277","","synthetic","180","80","20","5","42","1","1","-1442037.5810105985","-34334.228119299965","-28.344722032546997","-0.6748743341082618","-236.2472803592682","-1.1249870493298486","13.536304501546844","0.07520169167526024","1444121.9785103996","34383.85663119999","236.24751567840576","28.34484624862671","0.6748772916339693","0.0002353191375732422","2084.397499801082","49.62851190002576","0.00012421607971191406","0.000002957525707426526","-691.8246549174113","-228188.8310940499","-1003944.1874366768","-4780.686606841318","run_mvg1ftc9"
"run_u261rppe","finished","-","ninamiolane","","2023-07-06T07:01:13.000Z","4794","","synthetic","162000","1280","10","10","642","1","3","-2023196025994158","-3151395679118.626","-1265.938607931137","-1.9718669905469424","-3505.572121858597","-0.5460392713175385","2045.447368565814","0.012626218324480331","2023196033030451","3151395690078.584","3505.57262635231","1265.938845396042","1.9718673604299717","0.0005044937133789062","7036293.047667573","10959.95801817379","0.00023746490478515625","3.69883029260368e-7","-287537203.50871646","-5331055.58935743","-6948693.370982987","-1082.3509923649513","run_u261rppe"
"run_r2pxb1vy","finished","-","ninamiolane","","2023-07-06T06:03:27.000Z","3464","","synthetic","162000","1280","10","5","642","1","3","-1654668886968481.2","-2577365867552.1514","-1133.7682092189789","-1.7659940953566649","-2307.4530963897705","-0.7188327403083398","3005.303499849698","0.018551256171911716","1654668894041945.2","2577365878570.0083","2307.4533746242523","1133.7683598995209","1.765994330061559","0.00027823448181152344","7073463.994012059","11017.856688492304","0.0001506805419921875","2.347048940688279e-7","-233926247.22048745","-7524317.30221519","-8293196.01713796","-2583.550161102168","run_r2pxb1vy"
"run_odflqhnl","finished","-","ninamiolane","","2023-07-06T05:42:48.000Z","1237","","synthetic","5400","320","10","10","162","1","2","-52627813413.21294","-324863045.7605737","-136.0508759021759","-0.8398202216183698","-1087.8562767505646","-0.6715162202163979","131.741295718083","0.024396536244089443","52627927775.5872","324863751.7011556","1087.856608390808","136.0510070323944","0.8398210310641631","0.00033164024353027344","114362.37427010643","705.9405819142372","0.00013113021850585938","8.094457932460455e-7","-460184.6870450074","-1037524.9690909092","-3280230.002156722","-2024.8333346646432","run_odflqhnl"
"run_z3i9x77n","finished","-","ninamiolane","","2023-07-06T05:28:54.000Z","832","","synthetic","5400","320","10","5","162","1","2","-40748449714.60783","-251533640.21362856","-186.2099792957306","-1.1494443166403123","-631.8846940994263","-0.7801045606165756","200.75632016257688","0.03717709632640312","40748568948.66768","251534376.2263437","631.8849375247955","186.21010971069336","1.1494451216709467","0.0002434253692626953","119234.05984991632","736.0127151229403","0.0001304149627685547","8.050306343737943e-7","-341751.75923640595","-1427826.8025594149","-2595804.6033300688","-3204.697041148233","run_z3i9x77n"
"run_o0ibhro8","finished","-","ninamiolane","","2023-07-06T05:23:55.000Z","298","","synthetic","180","80","10","10","42","1","1","-1447301.5047022875","-34459.559635768754","-32.30336046218872","-0.7691276300521124","-252.94013810157776","-0.6022384240513756","8.555300246938602","0.047529445816325566","1449226.9972989524","34505.4046975941","252.940465927124","32.3034610748291","0.769130025591169","0.00032782554626464844","1925.492596664646","45.845061825348715","0.00010061264038085938","0.000002395539056687128","-751.6525938397868","-321066.6208530806","-771569.3330909091","-1837.0698406926408","run_o0ibhro8"
"run_2wvadcl9","finished","-","ninamiolane","","2023-07-06T05:20:48.000Z","185","","synthetic","180","80","10","5","42","1","1","-1798024.1970471244","-42810.09992969344","-20.011821031570435","-0.4764719293231056","-153.495858669281","-0.7309326603299096","12.404711367844309","0.0689150631546906","1799934.3452214105","42855.57964812882","153.4960753917694","20.011932373046875","0.4764745803106399","0.0002167224884033203","1910.1481742862063","45.47971843538586","0.00011134147644042967","0.000002650987534295945","-941.300900763376","-179733.7494646681","-708259.9493949395","-3372.666425690188","run_2wvadcl9"
"run_n22cnpzs","finished","-","ninamiolane","","2023-07-06T03:14:23.000Z","7583","","synthetic","162000","1280","20","10","642","0.5","3","-315733691124947","-491797026674.37225","-732.7052795886993","-1.1412854822253884","-6826.5404489040375","-1.063324057461688","1028.2896228328736","0.0063474668076103314","315733694662428.1","491797032184.46747","6826.540959119797","732.7054831981659","1.14128579937409","0.0005102157592773438","3537481.1189744114","5510.0952008947215","0.0002036094665527344","3.171487017955364e-7","-89253816.62997672","-3598581.598360656","-13379713.042523364","-2084.067452106443","run_n22cnpzs"
"run_r0diafvt","finished","-","ninamiolane","","2023-07-06T01:47:33.000Z","5208","","synthetic","162000","1280","20","5","642","0.5","3","-330724948717631.7","-515147895198.8032","-794.026997089386","-1.2368021761516916","-4388.820918798447","-1.3672339310898587","1528.915932827157","0.009437752671772574","330724952316292.56","515147900804.194","4388.82129740715","794.0272405147552","1.2368025553189337","0.0003786087036132813","3598660.881095838","5605.390780523112","0.0002434253692626953","3.791672418422045e-7","-91902226.86860168","-3261890.9010773753","-11591970.488035263","-3611.205759512544","run_r0diafvt"
"run_24jx8ikr","finished","-","ninamiolane","","2023-07-06T01:16:58.000Z","1833","","synthetic","5400","320","20","10","162","0.5","2","-9400252384.479668","-58026249.28691153","-100.77250957489014","-0.6220525282400625","-1718.924697637558","-1.061064628171332","68.49340841048256","0.012683964520459732","9400311843.610563","58026616.31858373","1718.9250226020813","100.77262949943542","0.6220532685150335","0.0003249645233154297","59459.13089630396","367.0316721994072","0.00011992454528808594","7.402749709141107e-7","-158096.02735151982","-840299.2842942346","-5289576.474688188","-3265.1706633877707","run_24jx8ikr"
"run_45bas7cq","finished","-","ninamiolane","","2023-07-06T01:00:36.000Z","980","","synthetic","5400","320","20","5","162","0.5","2","-12904221695.692892","-79655689.47958575","-111.49079585075378","-0.6882147892021838","-855.0791912078857","-1.0556533224788711","103.09801083880537","0.0190922242294084","12904282930.07666","79656067.469609","855.0794293880463","111.49090933799744","0.6882154897407249","0.00023818016052246096","61234.38376758376","377.9900232566899","0.00011348724365234376","7.005385410638503e-7","-210734.8992793184","-982408.174369748","-3590052.124124124","-4432.163116202622","run_45bas7cq"
"run_44y30dj3","finished","-","ninamiolane","","2023-07-06T00:52:13.000Z","501","","synthetic","180","80","20","10","42","0.5","1","-596717.491758673","-14207.559327587453","-23.811861276626587","-0.5669490780149188","-465.91635179519653","-1.1093246471314204","4.9022642596005435","0.02723480144222524","597820.8195428129","14233.82903673364","465.91668152809143","23.811968326568604","0.566951626823062","0.00032973289489746094","1103.3277841398988","26.269709146188067","0.00010704994201660156","0.000002548808143252418","-540.8342836429567","-222436.9376391982","-1413011.4374548085","-3364.3129463209725","run_44y30dj3"
"run_ua3ua07o","finished","-","ninamiolane","","2023-07-06T00:47:03.000Z","308","","synthetic","180","80","20","5","42","0.5","1","-385126.3267473214","-9169.674446364796","-16.02660894393921","-0.38158592723664786","-279.96377539634705","-1.3331608352207005","5.929813256294585","0.032943406979414364","386042.7635076252","9191.49436922917","279.9640793800354","16.02672052383423","0.38158858390081496","0.0003039836883544922","916.4367603037708","21.8199228643755","0.00011157989501953124","0.0000026566641671316963","-420.2432109114258","-143633.4829059829","-920982.888627451","-4385.632802987862","run_ua3ua07o"
"run_gnhlxc5k","finished","-","ninamiolane","","2023-07-05T23:41:04.000Z","3957","","synthetic","162000","1280","10","10","642","0.5","3","-369055805531591.9","-574853279644.2241","-760.2405705451965","-1.1841753435283435","-3168.761880874634","-0.4935766169586657","1043.12388908097","0.0064390363523516665","369055809120124.5","574853285233.8387","3168.7623901367188","760.2408046722412","1.1841757082122135","0.0005092620849609375","3588532.5990945655","5589.6146403342145","0.0002341270446777344","3.6468387021453954e-7","-102843096.82032973","-3247128.376782078","-6222261.531835206","-969.1996155506552","run_gnhlxc5k"
"run_pat42511","finished","-","ninamiolane","","2023-07-05T22:46:31.000Z","3271","","synthetic","162000","1280","10","5","642","0.5","3","-339014599838575.3","-528060124359.15155","-931.8260161876678","-1.451442392815682","-2316.3832545280457","-0.7216147210367744","1532.8644014494448","0.009462125934873116","339014603446533.06","528060129979.02344","2316.3836319446564","931.82626247406","1.4514427764393458","0.00037741661071777344","3607957.750190435","5619.87188503183","0.00024628639221191406","3.836236638814861e-7","-93963018.2256656","-3783505.8925459823","-6137470.341124447","-1911.984529945311","run_pat42511"
"run_cfqdo790","finished","-","ninamiolane","","2023-07-05T22:27:35.000Z","1134","","synthetic","5400","320","10","10","162","0.5","2","-10000450630.684011","-61731176.73261736","-128.7933850288391","-0.7950208952397476","-992.911063671112","-0.6129080639945136","70.09779560528378","0.012981073260237737","10000511482.454432","61731552.36082982","992.9113893508912","128.79351115226746","0.7950216737794288","0.0003256797790527344","60851.770420301895","375.62821247099936","0.00012612342834472656","7.785396811402874e-7","-164341.16150789222","-1021169.3950850662","-3048734.1478770133","-1881.9346591833416","run_cfqdo790"
"run_7qwyx4ey","finished","-","ninamiolane","","2023-07-05T22:14:47.000Z","767","","synthetic","5400","320","10","5","162","0.5","2","-9249128806.668184","-57093387.69548262","-119.70752358436584","-0.7389353307676904","-633.596250295639","-0.7822175929575791","95.83415869040606","0.01774706642414927","9249185726.81988","57093739.05444371","633.5964863300323","119.70765018463136","0.7389361122508108","0.00023603439331054688","56920.15169626546","351.3589610880584","0.0001266002655029297","7.814831203884548e-7","-162493.0456268447","-945555.0753295668","-2684338.6737373737","-3313.998362638733","run_7qwyx4ey"
"run_0kqjbmso","finished","-","ninamiolane","","2023-07-05T22:09:35.000Z","310","","synthetic","180","80","10","10","42","0.5","1","-470038.4939578074","-11191.39271328113","-24.355363845825195","-0.5798896153767904","-273.5286023616791","-0.6512585770516168","3.878133301800987","0.021545185010005484","470911.35952315497","11212.175226741783","273.5288944244385","24.355469465255737","0.5798921301251366","0.00029206275939941406","872.8655653475709","20.78251346065645","0.0001056194305419922","0.000002514748346237909","-538.5004433880266","-230595.48532731377","-936540.4987755102","-2229.8583304178815","run_0kqjbmso"
"run_nleqri73","finished","-","ninamiolane","","2023-07-05T22:06:48.000Z","165","","synthetic","180","80","10","5","42","0.5","1","-481514.9174975974","-11464.640892799938","-18.5300555229187","-0.441191798164731","-134.40936946868896","-0.6400446165175665","6.066605641017566","0.03370336467231981","482449.093714899","11486.88318368807","134.40958547592163","18.530152082443237","0.4411940972010295","0.0002160072326660156","934.1762173015808","22.24229088813287","0.0000965595245361328","0.000002299036298479353","-515.4433484599722","-191902.92839506172","-622244.7637969095","-2963.070303794807","run_nleqri73"
"run_1dfhdt9c","finished","-","ninamiolane","","2023-07-05T19:59:33.000Z","7633","","synthetic","162000","1280","20","10","642","0.1","3","-19595671562449.207","-30522852901.011227","-637.7611320018768","-0.9933974018720824","-6972.41574382782","-1.0860460660167943","205.4042388659024","0.0012679274004068048","19595672269101.516","30522854001.715755","6972.416263103485","637.7613542079926","0.9933977479875272","0.0005192756652832031","706652.3081945936","1100.7045298981209","0.00022220611572265625","3.461154450508664e-7","-27730287.349536356","-2870133.119098712","-13427195.245179065","-2091.4634338285146","run_1dfhdt9c"
"run_protpbx7","finished","-","ninamiolane","","2023-07-05T18:49:20.000Z","4211","","synthetic","162000","1280","20","5","642","0.1","3","-16388923907098.707","-25527918858.409203","-347.30855560302734","-0.5409790585716937","-3841.4721043109894","-1.1967202817168192","301.3175334766667","0.0018599847745473257","16388924616337.248","25527919963.14213","3841.472434282303","347.30872869491577","0.5409793281852271","0.0003299713134765625","709238.5398769366","1104.7329281572222","0.00017309188842773438","2.696135333765333e-7","-23107774.021900207","-2006498.1597796143","-11641836.570086705","-3626.740364512992","run_protpbx7"
"run_cer36k6g","finished","-","ninamiolane","","2023-07-05T18:16:19.000Z","1979","","synthetic","5400","320","20","10","162","0.1","2","-1022692215.1574668","-6312914.908379424","-205.73277306556705","-1.2699553892936235","-1760.2621347904203","-1.0865815646854449","14.125718842189649","0.00261587385966475","1022704501.0475128","6312990.747206869","1760.2624719142914","205.73291087150577","1.2699562399475663","0.0003371238708496094","12285.890046033432","75.83882744465082","0.00013780593872070312","8.506539427203896e-7","-83241.19875121694","-1492916.5968858132","-5221410.5466760965","-3223.0929300469734","run_cer36k6g"
"run_zip8in8p","finished","-","ninamiolane","","2023-07-05T18:02:34.000Z","823","","synthetic","5400","320","20","5","162","0.1","2","-1003354531.7781","-6193546.492457408","-219.39981365203855","-1.3543198373582628","-590.8840804100037","-0.7294865190246959","19.53010317203788","0.0036166857725996072","1003366131.9265794","6193618.098312219","590.8843066692352","219.39995789527893","1.354320727748635","0.0002262592315673828","11600.148479180212","71.60585480975439","0.0001442432403564453","8.903903725706501e-7","-86494.9731961541","-1521040.5223140495","-2611535.7871443625","-3224.1182557337806","run_zip8in8p"
"run_2vabdvie","finished","-","ninamiolane","","2023-07-05T17:53:06.000Z","566","","synthetic","180","80","20","10","42","0.1","1","-32596.096391475516","-776.0975331303695","-70.36933302879333","-1.675460310209365","-482.92936277389526","-1.149831816128322","0.8035831986168989","0.004464351103427216","32782.72717111689","780.5411231218307","482.929661989212","70.36944675445557","1.6754630179632275","0.00029921531677246094","186.63077964137295","4.443589991461262","0.00011372566223144533","0.00000270775386265346","-174.65552281414514","-618763.8888888889","-1613986.1019920318","-3842.8240523619806","run_2vabdvie"
"run_mq2kfqah","finished","-","ninamiolane","","2023-07-05T17:47:42.000Z","322","","synthetic","180","80","20","5","42","0.1","1","-49661.3935636082","-1182.414132466862","-50.15842604637146","-1.1942482391993203","-258.0193588733673","-1.2286636136827014","1.3988071326404412","0.00777115073689134","49881.948225198634","1187.6654339333008","258.0195965766907","50.1585373878479","1.1942508901868547","0.0002377033233642578","220.5546615904293","5.251301466438793","0.00011134147644042967","0.000002650987534295945","-225.1659212527984","-450491.83511777304","-1085468.033099298","-5168.8953957109425","run_mq2kfqah"
"run_flhq4vy1","finished","-","ninamiolane","","2023-07-05T16:14:43.000Z","5577","","synthetic","162000","1280","10","10","642","0.1","3","-20586363018657.176","-32065986010.36943","-665.9741199016571","-1.0373428658904316","-4887.285014867783","-0.7612593481102465","209.20584208695763","0.0012913940869565283","20586363738384.57","32065987131.44014","4887.285495519638","665.9743037223816","1.0373431522155476","0.00048065185546875","719727.3964567106","1121.0707109917612","0.0001838207244873047","2.863251160238391e-7","-28603000.413775943","-3622954.494163424","-10168035.26140873","-1583.8061154842258","run_flhq4vy1"
"run_nd8owogy","finished","-","ninamiolane","","2023-07-05T15:28:45.000Z","2756","","synthetic","162000","1280","10","5","642","0.1","3","-20133504232766.77","-31360598493.40618","-608.6045672893524","-0.9479821920394896","-2124.0313954353333","-0.6616920235001038","302.6990723504976","0.001868512792287022","20133504945257.65","31360599603.20506","2124.0317997932434","608.6047947406769","0.947982546325042","0.00040435791015625","712490.8799489068","1109.7988784250886","0.00022745132446289065","3.542855521228826e-7","-28257911.503668025","-2675757.4119496853","-5252849.8691037735","-1636.401828381238","run_nd8owogy"
"run_06yyoxpm","finished","-","ninamiolane","","2023-07-05T15:15:18.000Z","805","","synthetic","5400","320","10","10","162","0.1","2","-995823428.4539356","-6147058.200332936","-185.59767961502075","-1.1456646889816096","-605.1950228214264","-0.3735771745811274","13.462860663248604","0.002493122345046038","995835115.66019","6147130.3435814185","605.1954107284546","185.59784531593323","1.1456657118267484","0.0003879070281982422","11687.206254261151","72.14324848309353","0.00016570091247558594","0.0000010228451387381848","-85206.28512830932","-1120076.3884892086","-1560154.827904118","-963.0585357432828","run_06yyoxpm"
"run_nyjhg4i6","finished","-","ninamiolane","","2023-07-05T15:01:50.000Z","807","","synthetic","5400","320","10","5","162","0.1","2","-982592936.5269512","-6065388.497079945","-144.73375034332275","-0.8934182119958195","-649.100994348526","-0.8013592522821309","20.07336852933459","0.003717290468395295","982604889.1031674","6065462.278414614","649.1012630462646","144.73389148712158","0.8934190832538369","0.00026869773864746094","11952.576216308937","73.78133466857368","0.000141143798828125","8.712580174575617e-7","-82207.62777368717","-1025434.7094594594","-2415729.278615794","-2982.3818254515977","run_nyjhg4i6"
"run_76col3c1","finished","-","ninamiolane","","2023-07-05T14:58:09.000Z","219","","synthetic","180","80","10","10","42","0.1","1","-48556.53204115133","-1156.1079057416982","-28.494900226593018","-0.6784500053950718","-177.6784470081329","-0.4230439214479356","0.8241776574905182","0.004578764763836212","48748.95226893558","1160.6893397365614","177.67877340316772","28.49501085281372","0.6784526393527076","0.00032639503479003906","192.42022778425812","4.581433994863288","0.000110626220703125","0.0000026339576357886904","-252.34629747758635","-257578.1767241379","-544366.2680788897","-1296.1101620925945","run_76col3c1"
"run_d6b9lxta","finished","-","ninamiolane","","2023-07-05T14:55:13.000Z","174","","synthetic","180","80","10","5","42","0.1","1","-47404.93336350624","-1128.6888896072912","-27.84768772125244","-0.6630401838393438","-132.44860863685608","-0.6307076601755052","1.1891038441134825","0.006606132467297124","47593.38519480283","1133.175837971496","132.44891571998596","27.847848415374756","0.6630440098898751","0.0003070831298828125","188.45183129659924","4.486948364204744","0.00016069412231445312","0.000003826050531296503","-251.5493377663011","-173296.24332344215","-431311.9013975155","-2053.866197131026","run_d6b9lxta"
"run_o18y2wvg","finished","-","ninamiolane","","2023-07-05T12:42:23.000Z","7969","","synthetic","162000","1280","20","10","642","0.01","3","-725215292001.6707","-1129618834.893568","-424.5399975776672","-0.6612772547938742","-7520.15807890892","-1.1713641867459377","20.39744361315118","0.00012591014576019246","725215364369.1315","1129618947.6154697","7520.158617496491","424.5401902198791","0.6612775548596248","0.0005385875701904297","72367.46076520975","112.72190150344196","0.0001926422119140625","3.000657506449572e-7","-10021289.738969447","-2203774.5173267326","-13962739.756972112","-2174.8815820828836","run_o18y2wvg"
"run_1pu2oal9","finished","-","ninamiolane","","2023-07-05T11:37:26.000Z","3896","","synthetic","162000","1280","20","5","642","0.01","3","-738926826805.0363","-1150976365.7399318","-498.4071366786957","-0.7763351038608967","-3373.744405269623","-1.0510107181525306","29.825970831506755","0.00018411093105868368","738926898529.4836","1150976477.460255","3373.7446846961975","498.40727615356445","0.7763353211114711","0.00027942657470703125","71724.44736611057","111.72032300017224","0.00013947486877441406","2.172505744149752e-7","-10302300.73482832","-3573454.781196581","-12073813.697952218","-3761.312678489788","run_1pu2oal9"
"run_8vu0znns","finished","-","ninamiolane","","2023-07-05T11:12:51.000Z","1473","","synthetic","5400","320","20","10","162","0.01","2","-50127040.27489484","-309426.1745363879","-110.50265550613403","-0.6821151574452718","-1349.0184664726255","-0.8327274484398924","1.3565613980862217","0.00025121507371967067","50128251.75587615","309433.6528140503","1349.0187962055206","110.50278401374815","0.6821159507021491","0.00032973289489746094","1211.48098131012","7.478277662408147","0.0001285076141357422","7.932568773811246e-7","-41376.66298375271","-859891.8923933209","-4091246.240057845","-2525.4606420110154","run_8vu0znns"
"run_ok76w32a","finished","-","ninamiolane","","2023-07-05T11:02:12.000Z","637","","synthetic","5400","320","20","5","162","0.01","2","-48892853.13576032","-301807.73540592793","-106.4592616558075","-0.6571559361469599","-518.046240568161","-0.6395632599606926","1.9534866345400663","0.0003617567841740864","48894037.607963614","301815.0469627384","518.0464816093445","106.45938062667848","0.6571566705350522","0.0002410411834716797","1184.4722032886389","7.311556810423696","0.00011897087097167967","7.343880924177758e-7","-41278.17689601437","-894834.6833667335","-2149202.1948565776","-2653.3360430328116","run_ok76w32a"
"run_x5h13dfd","finished","-","ninamiolane","","2023-07-05T10:53:24.000Z","526","","synthetic","180","80","20","10","42","0.01","1","-3275.7327055112","-77.99363584550477","-19.8898823261261","-0.47356862681252615","-494.4017491340637","-1.1771470217477709","0.08359592398294245","0.0004644217999052358","3295.08307027514","78.45435881607476","494.40207290649414","19.889979600906372","0.47357094287872314","0.0003237724304199219","19.35036476393995","0.4607229705699989","0.0000972747802734375","0.000002316066196986607","-169.2853207406011","-204471.11029411765","-1527003.854197349","-3635.72346237464","run_x5h13dfd"
"run_6veu1exv","finished","-","ninamiolane","","2023-07-05T10:49:17.000Z","245","","synthetic","180","80","20","5","42","0.01","1","-3098.9229173178383","-73.78387898375806","-21.541996240615845","-0.5129046723956153","-211.90725898742676","-1.0090821856544132","0.1312374335939296","0.000729096853299609","3119.6320840083245","74.27695438115059","211.90756916999817","21.542095184326172","0.5129070281982422","0.0003101825714111328","20.709166690486143","0.4930753973925273","0.00009894371032714844","0.0000023558026268368677","-149.64015518507043","-217719.71325301204","-683169.4573405073","-3253.1878920976537","run_6veu1exv"
"run_etbbdiso","finished","-","ninamiolane","","2023-07-05T09:43:19.000Z","3956","","synthetic","162000","1280","10","10","642","0.01","3","-741702184398.9529","-1155299352.646344","-498.16155433654785","-0.7759525768482054","-3435.044724225998","-0.535053695362305","19.990574863704243","0.00012339861026977928","741702255322.2258","1155299463.1187315","3435.045301914215","498.16180515289307","0.7759529675278708","0.0005776882171630859","70923.27300044491","110.47238785116028","0.00025081634521484375","3.906796654436819e-7","-10457810.998010485","-1986160.6463878327","-5946191.426743706","-926.1980415488638","run_etbbdiso"
"run_q8znljok","finished","-","ninamiolane","","2023-07-05T09:05:48.000Z","2249","","synthetic","162000","1280","10","5","642","0.01","3","-773546045669.1516","-1204900382.66223","-478.1133387088776","-0.744724826649342","-1749.451842069626","-0.545000573853466","30.07309154215115","0.00018563636754414292","773546118095.274","1204900495.4755046","1749.452125787735","478.1134977340698","0.7447250743521336","0.0002837181091308594","72426.12245753048","112.81327485596648","0.0001590251922607422","2.477027916833991e-7","-10680484.049422177","-3006525.7706146925","-6166162.066386554","-1920.9227621141913","run_q8znljok"
"run_h3swsrf5","finished","-","ninamiolane","","2023-07-05T08:52:23.000Z","803","","synthetic","5400","320","10","10","162","0.01","2","-50140474.75689474","-309509.10343762184","-97.886155128479","-0.6042355254844383","-690.9468240737915","-0.4265103852307355","1.2870192320821874","0.0002383368948300347","50141623.38635021","309516.1937429025","690.9471669197083","97.88631629943848","0.6042365203669042","0.0003428459167480469","1148.6294554697588","7.090305280677524","0.00016117095947265625","9.94882465880594e-7","-43652.43683951029","-607343.6272189349","-2015327.5577190544","-1244.0293566167002","run_h3swsrf5"
"run_qhzklt7x","finished","-","ninamiolane","","2023-07-05T08:45:08.000Z","434","","synthetic","5400","320","10","5","162","0.01","2","-52870981.18229422","-326364.08137218654","-80.90590190887451","-0.4994191475856451","-339.82483100891113","-0.4195368284060631","1.9994608312493725","0.00037027052430543936","52872195.11789599","326371.5748018271","339.82509422302246","80.90602540969849","0.4994199099364104","0.000263214111328125","1213.9356017692926","7.493429640551189","0.00012350082397460938","7.623507652753665e-7","-43553.36568532595","-655104.1467181467","-1291058.5579710144","-1593.8994542852029","run_qhzklt7x"
"run_8yd5r7sa","finished","-","ninamiolane","","2023-07-05T08:40:57.000Z","249","","synthetic","180","80","10","10","42","0.01","1","-3214.8727894096432","-76.54459022403913","-18.19789981842041","-0.43328332901000977","-219.9216492176056","-0.5236229743276324","0.08019929198839677","0.00044555162215775986","3233.433594971985","76.98651416599964","219.9219560623169","18.19801354408264","0.4332860367638724","0.00030684471130371094","18.560805562341496","0.4419239419605118","0.00011372566223144533","0.00000270775386265346","-173.20761098496624","-160015.77358490566","-716719.6993006993","-1706.4754745254745","run_8yd5r7sa"
"run_lfd1gfmc","finished","-","ninamiolane","","2023-07-05T08:38:31.000Z","144","","synthetic","180","80","10","5","42","0.01","1","-3481.880169452274","-82.90190879648272","-26.69724702835083","-0.6356487387702578","-103.11021375656128","-0.491001017888387","0.12736186959850002","0.000707565942213889","3501.9244468777206","83.37915349708858","103.11158680915833","26.697378158569336","0.6356518609183175","0.0013730525970458984","20.044277425446648","0.47724470060587254","0.00013113021850585938","0.0000031221480596633184","-173.70943813778746","-203593.4","-75095.60375065115","-357.5981130983388","run_lfd1gfmc"
"run_7ffuk824","finished","-","ninamiolane","","2023-07-04T16:35:18.000Z","3841","","synthetic","162000","1280","8","10","642","1","3","-1955497103899681.2","-3045945644703.553","-1112.130138874054","-1.732289935940894","-2706.01319026947","-0.42149738166191125","2069.8444213168405","0.012776817415536053","1955497111019811.5","3045945655794.099","2706.013696193695","1112.1303520202637","1.732290267944336","0.0005059242248535156","7120130.202020275","11090.54548601289","0.00021314620971679688","3.320034419264749e-7","-274643447.2988747","-5217686.677852349","-5348653.132893497","-833.1235409491428","run_7ffuk824"
"run_mcgb87tl","finished","-","ninamiolane","","2023-07-04T15:41:03.000Z","3253","","synthetic","162000","1280","8","5","642","1","3","-1443413750036072.8","-2248308021863.0415","-1288.2884390354156","-2.006679811581644","-1942.363790035248","-0.6050977539050616","2987.2185540247156","0.01843962070385627","1443413757066970.8","2248308032814.596","1942.3641395568848","1288.2886018753052","2.006680065226332","0.0003495216369628906","7030897.932524319","10951.55441203165","0.0001628398895263672","2.536446877357744e-7","-205295790.6498638","-7911381.19033675","-5557206.148703956","-1731.2168687551266","run_mcgb87tl"
"run_2uvndv2w","finished","-","ninamiolane","","2023-07-04T15:24:51.000Z","971","","synthetic","5400","320","8","10","162","1","2","-44975389697.99659","-277625862.3333123","-153.340726852417","-0.946547696619858","-803.5302200317383","-0.49600630866156686","132.3463162003219","0.02450857707413368","44975504585.62311","277626571.516192","803.5305604934692","153.3408591747284","0.9465485134242494","0.00034046173095703125","114887.6265205902","709.1828797567297","0.0001323223114013672","8.168043913664641e-7","-391472.877106884","-1158842.5657657655","-2360119.0588235296","-1456.8636165577343","run_2uvndv2w"
"run_z1k9bcdo","finished","-","ninamiolane","","2023-07-04T15:12:47.000Z","722","","synthetic","5400","320","8","5","162","1","2","-45931229514.914734","-283526108.11675763","-181.97547221183777","-1.12330538402369","-527.4952204227448","-0.6512286671885738","199.91459944681256","0.0370212221197801","45931348248.857285","283526841.0423289","527.4955313205719","181.97563529014587","1.1233063906799128","0.0003108978271484375","118733.94255382332","732.925571319897","0.00016307830810546875","0.000001006656222873264","-386841.6101326176","-1115877.8523391814","-1696683.522239264","-2094.6710151102025","run_z1k9bcdo"
"run_4qgw56wq","finished","-","ninamiolane","","2023-07-04T15:08:40.000Z","246","","synthetic","180","80","8","10","42","1","1","-1318575.3766428984","-31394.651824830915","-23.01302695274353","-0.5479292131605602","-210.60523509979248","-0.5014410359518868","8.173708395633575","0.045409491086853195","1320414.9861599335","31438.452051426993","210.6055433750153","23.013131856918335","0.5479317108790079","0.0003082752227783203","1839.6095170352437","43.80022659607722","0.0001049041748046875","0.0000024977184477306548","-716.7691645605012","-219371.88863636364","-683172.7610208817","-1626.6018119544804","run_4qgw56wq"
"run_0zxc30dm","finished","-","ninamiolane","","2023-07-04T15:05:32.000Z","186","","synthetic","180","80","8","5","42","1","1","-1442078.2686127492","-34335.19687173212","-26.861279487609863","-0.6395542735145205","-144.2281551361084","-0.6868007387433733","13.359917280319422","0.07422176266844123","1444135.5084252502","34384.178772029765","144.22839212417605","26.861401557922363","0.6395571799505324","0.00023698806762695312","2057.239812500942","48.98190029764148","0.0001220703125","0.0000029064360119047617","-700.9772316527578","-220047.6015625","-608588.2575452717","-2898.0393216441507","run_0zxc30dm"
"run_48nzo9nc","finished","-","ninamiolane","","2023-07-04T13:58:25.000Z","4026","","synthetic","162000","1280","5","10","642","1","3","-1772588515534577.5","-2761041301455.728","-1567.9152536392212","-2.4422355975688803","-2435.6707062721252","-0.3793879604785242","2061.004187592231","0.012722248071556985","1772588522624497.8","2761041312499.218","2435.671199083328","1567.9154703617096","2.44223593514285","0.0004928112030029297","7089920.2116206875","11043.489426200447","0.0002167224884033203","3.375739694755769e-7","-250015298.14527783","-7234668.00880088","-4942401.2510885345","-769.8444316337282","run_48nzo9nc"
"run_8m4o07ra","finished","-","ninamiolane","","2023-07-04T13:10:59.000Z","2844","","synthetic","162000","1280","5","5","642","1","3","-1793476649006210.8","-2793577334900.6396","-1135.5481338500977","-1.7687665636294356","-1685.6336307525637","-0.5251195111378703","2962.095677576438","0.01828454121960764","1793476655977994.5","2793577345760.116","1685.633896112442","1135.5482742786407","1.768766782365484","0.00026535987854003906","6971783.666175217","10859.476115537722","0.0001404285430908203","2.1873604842806906e-7","-257247891.62744173","-8086305.738539898","-6352255.0584007185","-1978.8956568226536","run_8m4o07ra"
"run_h9qtsump","finished","-","ninamiolane","","2023-07-04T12:59:52.000Z","665","","synthetic","5400","320","5","10","162","1","2","-50547401932.98587","-312020999.58633256","-154.884681224823","-0.956078279165574","-495.8255615234375","-0.3060651614342207","135.74770269370694","0.025138463461797583","50547519774.68134","312021727.0042058","495.82591247558594","154.88481092453003","0.9560790797810496","0.0003509521484375","117841.69547515384","727.4178733034187","0.00012969970703125","8.006154755015432e-7","-428943.2677387391","-1194179.1139705882","-1412801.043478261","-872.0994095544821","run_h9qtsump"
"run_cp5kf8qp","finished","-","ninamiolane","","2023-07-04T12:49:02.000Z","647","","synthetic","5400","320","5","5","162","1","2","-51152268545.10537","-315754744.1055887","-143.34884190559387","-0.8848693944789745","-491.099555015564","-0.606295746932795","196.58476287608636","0.03640458571779377","51152385303.773766","315755464.8381097","491.09979486465454","143.3489694595337","0.8848701818489734","0.00023984909057617188","116758.66839636222","720.7325209651989","0.00012755393981933594","7.873699988847897e-7","-438102.5344641485","-1123829.1981308411","-2047535.6143141151","-2527.8217460668093","run_cp5kf8qp"
"run_m55u2ci1","finished","-","ninamiolane","","2023-07-04T12:45:28.000Z","212","","synthetic","180","80","5","10","42","1","1","-1480859.2402032732","-35258.55333817317","-25.60617685317993","-0.609670877456665","-172.9498369693756","-0.41178532611756097","8.273496998404285","0.04596387221335714","1482721.3234681976","35302.8886540047","172.95015692710876","25.60628867149353","0.609673539797465","0.0003199577331542969","1862.0832649242643","44.33531583153011","0.0001118183135986328","0.000002662340799967448","-795.270151500719","-228998.05970149257","-540539.6371087929","-1286.9991359733165","run_m55u2ci1"
"run_r4idp2xs","finished","-","ninamiolane","","2023-07-04T12:43:20.000Z","126","","synthetic","180","80","5","5","42","1","1","-1509951.1060623191","-35951.2168110076","-15.577938556671144","-0.37090329896836055","-97.33814692497252","-0.4635149853570121","13.648053532149362","0.075822519623052","1512052.7125457458","36001.255060612995","97.33835697174072","15.578031301498411","0.37090550717853366","0.00021004676818847656","2101.6064834266813","50.038249605397176","0.0000927448272705078","0.000002208210173107329","-718.4747087382102","-167965.57840616966","-463411.7809307605","-2206.722766336955","run_r4idp2xs"
"run_byfz4ssn","finished","-","ninamiolane","","2023-07-04T11:58:55.000Z","2664","","synthetic","162000","1280","3","10","642","1","3","-1805147165371920","-2811755709302.056","-1319.806114435196","-2.0557727639177505","-1319.5564179420471","-0.20553838285701667","2128.2513033688606","0.01313735372449914","1805147172693232.5","2811755720705.9697","1319.5568435192108","1319.8062620162964","2.055772993794854","0.00042557716369628906","7321312.384514231","11403.913371517494","0.0001475811004638672","2.298771035262729e-7","-246560598.7787245","-8942920.945072697","-3100627.8778711483","-482.9638439051633","run_byfz4ssn"
"run_ewbghet2","finished","-","ninamiolane","","2023-07-04T11:09:59.000Z","2934","","synthetic","162000","1280","3","5","642","1","3","-1623843232284603.5","-2529350829103.7437","-1345.5270328521729","-2.0958364997697396","-1565.8899652957916","-0.4878161885656672","3091.7105512163653","0.019084633032199785","1623843239561626.5","2529350840438.6704","1565.8902480602264","1345.5271801948547","2.0958367292754745","0.0002827644348144531","7277022.879327057","11334.926603313172","0.00014734268188476562","2.2950573502299941e-7","-223146643.7872143","-9131956.98381877","-5537789.666947723","-1725.168120544462","run_ewbghet2"
"run_lylizhkc","finished","-","ninamiolane","","2023-07-04T11:00:25.000Z","572","","synthetic","5400","320","3","10","162","1","2","-48858170319.44783","-301593643.9472088","-148.9406225681305","-0.919386559062534","-410.0646603107453","-0.2531263335251514","143.40495848281583","0.026556473793114044","48858294809.69632","301594412.40553284","410.0649998188019","148.94074702262878","0.9193873273001776","0.000339508056640625","124490.24848837688","768.4583240023264","0.00012445449829101562","7.682376437717014e-7","-392465.84300945874","-1196747.603448276","-1207820.1158707866","-745.5679727597449","run_lylizhkc"
"run_o6r7w7m9","finished","-","ninamiolane","","2023-07-04T10:54:00.000Z","384","","synthetic","5400","320","3","5","162","1","2","-56893641270.76232","-351195316.48618716","-145.17714858055115","-0.8961552381515503","-224.93244576454163","-0.2776943774870884","209.00043075592237","0.03870378347331896","56893765404.76942","351196082.74549025","224.93268036842343","145.1772825717926","0.896156065257979","0.0002346038818359375","124134.00709489427","766.259303054903","0.00013399124145507812","8.271064287350501e-7","-458324.3754249386","-1083482.37544484","-958775.4644308944","-1183.6734128776473","run_o6r7w7m9"
"run_lnhnkijx","finished","-","ninamiolane","","2023-07-04T10:51:46.000Z","132","","synthetic","180","80","3","10","42","1","1","-999372.9286051248","-23794.593538217257","-17.33775782585144","-0.4128037577583677","-101.10315895080566","-0.24072180702572776","7.164496691410325","0.03980275939672403","1000985.4029195802","23832.98578379953","101.10355615615843","17.337880611419678","0.4128066812242781","0.0003972053527832031","1612.474314455476","38.39224558227323","0.0001227855682373047","0.000002923465910412017","-619.7760296991817","-141203.54757281553","-254536.24489795917","-606.0386783284742","run_lnhnkijx"
"run_392rz5q2","finished","-","ninamiolane","","2023-07-04T10:50:27.000Z","78","","synthetic","180","80","3","5","42","1","1","-1308183.93786827","-31147.236615911188","-21.28020405769348","-0.5066715251831782","-43.39415335655213","-0.20663882550739107","12.072376265600642","0.06706875703111467","1310042.9112524898","31191.497886964044","43.394373655319214","21.280317068099976","0.5066742159071422","0.00022029876708984375","1858.973384219959","44.261271052856166","0.00011301040649414062","0.0000026907239641462055","-703.7131079836278","-188303.04852320676","-196978.64826839828","-937.9935631828488","run_392rz5q2"
"run_nh6witiv","finished","-","ninamiolane","","2023-07-04T09:44:24.000Z","3961","","synthetic","162000","1280","8","10","642","0.5","3","-391797758653977.44","-610276882638.5941","-621.9788920879364","-0.9688144736572218","-3316.326337814331","-0.5165617348620454","1000.9552586143787","0.006178736164286289","391797762097444.1","610276888002.2494","3316.3268859386444","621.9791417121887","0.9688148624800448","0.0005481243133544922","3443466.6922188676","5363.655283830012","0.00024962425231933594","3.888228229273146e-7","-113780034.38782056","-2491660.5109837633","-6050317.887777294","-942.417116476214","run_nh6witiv"
"run_jio9hvlq","finished","-","ninamiolane","","2023-07-04T08:54:21.000Z","3001","","synthetic","162000","1280","8","5","642","0.5","3","-427634543245275","-666097419385.1636","-761.4220287799835","-1.1860156211526225","-2216.041473865509","-0.6903555993350495","1530.3651425723228","0.009446698410940264","427634546847348.9","666097424995.8705","2216.041752576828","761.4221739768982","1.1860158473160407","0.00027871131896972656","3602073.849312287","5610.70693039297","0.00014519691467285156","2.261634184935383e-7","-118718982.76791844","-5244064.796387521","-7951027.902480753","-2476.9557328600476","run_jio9hvlq"
"run_lvsonr4e","finished","-","ninamiolane","","2023-07-04T08:36:41.000Z","1058","","synthetic","5400","320","8","10","162","0.5","2","-9061281300.672432","-55933835.189336","-110.66987371444702","-0.6831473686076976","-935.4633672237396","-0.577446522977617","65.67255810840166","0.012161584834889196","9061338310.545635","55934187.102133565","935.4636917114258","110.66999220848083","0.6831481000523508","0.00032448768615722656","57009.87320608819","351.9127975684456","0.00011849403381347656","7.314446531696084e-7","-158942.31632328485","-933970.0080482896","-2882893.2718589273","-1779.5637480610662","run_lvsonr4e"
"run_gu0jwc6g","finished","-","ninamiolane","","2023-07-04T08:28:01.000Z","518","","synthetic","5400","320","8","5","162","0.5","2","-9765657033.186634","-60281833.5381891","-112.25195741653442","-0.6929133173860149","-392.7585482597351","-0.48488709661695695","100.46006547626212","0.018603715828937432","9765716700.666374","60282201.85596527","392.7588064670563","112.25208473205566","0.6929141032842943","0.0002582073211669922","59667.47973983567","368.31777617182513","0.00012731552124023438","7.85898279260706e-7","-163667.9993149905","-881683.2097378278","-1521097.6454293628","-1877.8983276905713","run_gu0jwc6g"
"run_y20taema","finished","-","ninamiolane","","2023-07-04T08:23:32.000Z","267","","synthetic","180","80","8","10","42","0.5","1","-617491.7188083113","-14702.183781150268","-32.75592923164368","-0.779903076943897","-222.43147802352905","-0.5295987571988787","4.600206061869832","0.02555670034372129","618527.0592781275","14726.834744717322","222.4318675994873","32.75605773925781","0.7799061366489956","0.0003895759582519531","1035.340469816212","24.65096356705267","0.0001285076141357422","0.000003059705098470052","-596.4141621141546","-254894.85157699444","-570957.917992656","-1359.423614268229","run_y20taema"
"run_y3iotdzm","finished","-","ninamiolane","","2023-07-04T08:20:52.000Z","157","","synthetic","180","80","8","5","42","0.5","1","-489327.2807473756","-11650.64954160418","-25.628856658935547","-0.6102108728317988","-118.80605745315552","-0.565743130729312","5.994226938020482","0.03330126076678046","490250.3124058273","11672.62648585303","118.80626440048218","25.628958225250244","0.6102132910773868","0.00020694732666015625","923.0316584517371","21.976944248850884","0.00010156631469726562","0.000002418245588030134","-530.1305499836885","-252336.18779342723","-574088.3894009216","-2733.754235242484","run_y3iotdzm"
"run_svlb0j9c","finished","-","ninamiolane","","2023-07-04T07:30:40.000Z","3010","","synthetic","162000","1280","5","10","642","0.5","3","-338870093820518","-527835037103.6106","-961.6793251037598","-1.497942873993395","-2026.444120645523","-0.31564550165818117","1032.0428845533838","0.006370635089835703","338870097370949.25","527835042633.8773","2026.444569349289","961.6795020103456","1.497943149548825","0.0004487037658691406","3550431.26061214","5530.2667610781","0.00017690658569335938","2.755554294289087e-7","-95444769.64809407","-5436085.4986522915","-4516218.215196599","-703.4607811832709","run_svlb0j9c"
"run_6uoh94ib","finished","-","ninamiolane","","2023-07-04T06:47:27.000Z","2591","","synthetic","162000","1280","5","5","642","0.5","3","-348433322315657.6","-542731031644.32654","-779.7391352653503","-1.2145469396656547","-1786.6894388198853","-0.5566010712834534","1484.8884676214086","0.00916597819519388","348433325810715.25","542731037088.3415","1786.6897814273834","779.7393400669098","1.214547258671199","0.0003426074981689453","3495057.6366610085","5444.015010375402","0.0002048015594482422","3.190055443119037e-7","-99693154.88843618","-3807291.005820722","-5214974.711203897","-1624.6027137706844","run_6uoh94ib"
"run_esp3my6g","finished","-","ninamiolane","","2023-07-04T06:36:20.000Z","666","","synthetic","5400","320","5","10","162","0.5","2","-12257852143.317783","-75665753.97109744","-81.97480416297913","-0.5060173096480193","-569.9474396705627","-0.3518194072040511","68.79610162864603","0.012740018820119634","12257911865.266945","75666122.62510459","569.9478168487549","81.9749698638916","0.5060183324931581","0.0003771781921386719","59721.94915701498","368.65400714206777","0.00016570091247558594","0.0000010228451387381848","-205248.69526764215","-494715.46618705033","-1511082.696586599","-932.7670966583946","run_esp3my6g"
"run_9wwmssra","finished","-","ninamiolane","","2023-07-04T06:27:38.000Z","520","","synthetic","5400","320","5","5","162","0.5","2","-12019521047.12117","-74194574.3649455","-93.30706763267516","-0.5759695532881184","-413.10705828666687","-0.5100087139341566","98.37046935437108","0.018216753584142792","12019579473.690866","74194935.02278313","413.1073036193848","93.30719804763794","0.5759703583187528","0.0002453327178955078","58426.5696960966","360.6578376302259","0.0001304149627685547","8.050306343737943e-7","-205720.1220205159","-715462.9012797074","-1683864.5160349854","-2078.8450815246733","run_9wwmssra"
"run_7htstgbi","finished","-","ninamiolane","","2023-07-04T06:25:03.000Z","154","","synthetic","180","80","5","10","42","0.5","1","-516384.5193062958","-12294.869507292757","-28.61583423614502","-0.6813293865748814","-112.5618326663971","-0.26800436349142165","4.031080809826893","0.022394893387927182","517291.78491943993","12316.471069510477","112.56225252151488","28.6159565448761","0.6813322986875262","0.0004198551177978515","907.265613144139","21.601562217717596","0.00012230873107910156","0.000002912112644740513","-569.1657567807067","-233963.95321637427","-268096.8455423055","-638.325822719775","run_7htstgbi"
"run_0xevaz45","finished","-","ninamiolane","","2023-07-04T06:23:33.000Z","88","","synthetic","180","80","5","5","42","0.5","1","-468977.48489903274","-11166.130592834112","-16.630828380584717","-0.39597210429963614","-57.59487318992615","-0.2742613009044102","6.245924451071007","0.03469958028372781","469939.2676644405","11189.030182486678","57.59508681297302","16.630937814712524","0.3959747098741077","0.000213623046875","961.7827654077686","22.89958965256592","0.0001094341278076172","0.000002605574471609933","-487.6126936005134","-151971.1328976035","-269609.8292410714","-1283.8563297193878","run_0xevaz45"
"run_kn6p1dg7","finished","-","ninamiolane","","2023-07-04T05:40:01.000Z","2610","","synthetic","162000","1280","3","10","642","0.5","3","-402632262269503.75","-627153056494.5541","-827.496148109436","-1.2889348101393086","-1759.603485107422","-0.27408153973635857","1029.8124039491977","0.006356866691044428","402632265812275.06","627153062012.8895","1759.603935956955","827.4963581562042","1.2889351373149598","0.0004508495330810547","3542771.31817946","5518.335386572368","0.00021004676818847656","3.271756513839199e-7","-113648956.17265137","-3939580.481271283","-3902861.9439450023","-607.922421175234","run_kn6p1dg7"
"run_w094r7lv","finished","-","ninamiolane","","2023-07-04T04:58:48.000Z","2471","","synthetic","162000","1280","3","5","642","0.5","3","-359767510246809.8","-560385529979.4546","-906.930564403534","-1.4126644305350995","-1541.8620262145996","-0.48033084928803726","1592.9918670216218","0.009833283129763098","359767513996310.6","560385535819.7985","1541.8622965812683","906.9307081699372","1.412664654470307","0.0002703666687011719","3749500.8157260185","5840.343949729001","0.0001437664031982422","2.239352074738975e-7","-95950775.29731056","-6308362.344941957","-5702855.435626103","-1776.590478388194","run_w094r7lv"
"run_9awae5xh","finished","-","ninamiolane","","2023-07-04T04:50:20.000Z","506","","synthetic","5400","320","3","10","162","0.5","2","-13363357396.04268","-82489860.46939926","-95.06696009635924","-0.5868330870145633","-397.571724653244","-0.2454146448476815","67.62182881946794","0.012522560892494062","13363416098.563688","82490222.83064005","397.5720493793487","95.06708598136902","0.5868338640825248","0.0003247261047363281","58702.52100905915","362.36124079666143","0.000125885009765625","7.770679615162037e-7","-227645.37478689212","-755188.884469697","-1224329.423641703","-755.7589034825329","run_9awae5xh"
"run_o4fd12z8","finished","-","ninamiolane","","2023-07-04T04:42:39.000Z","459","","synthetic","5400","320","3","5","162","0.5","2","-11391970050.27241","-70320802.77945931","-108.25721192359924","-0.6682543945901188","-337.6642415523529","-0.4168694340152505","106.76888509915482","0.019772015759102743","11392033464.933672","70321194.22798564","337.6645121574402","108.25735306739809","0.6682552658481362","0.00027060508728027344","63414.661263035254","391.4485263150325","0.000141143798828125","8.712580174575617e-7","-179642.52782207716","-766999.4206081082","-1247811.875770925","-1540.5084886060804","run_o4fd12z8"
"run_34sbooxu","finished","-","ninamiolane","","2023-07-04T04:40:57.000Z","100","","synthetic","180","80","3","10","42","0.5","1","-531763.020620241","-12661.024300481928","-17.448922157287598","-0.4154505275544666","-70.22961091995239","-0.16721335933322","4.573720795162411","0.025409559973124503","532792.4120398015","12685.533619995273","70.22993111610413","17.449020624160767","0.4154528720038278","0.00032019615173339844","1029.391419560514","24.50931951334557","0.00009846687316894533","0.0000023444493611653647","-516.5800010721584","-177206.01452784502","-219333.08860759492","-522.2216395418927","run_34sbooxu"
"run_ig2q9ip3","finished","-","ninamiolane","","2023-07-04T04:37:44.000Z","192","","synthetic","180","80","3","5","42","0.5","1","-414929.8466666867","-9879.28206349254","-39.533788204193115","-0.9412806715284076","-140.28636860847473","-0.6680303267070226","5.917502848251108","0.032875015823617265","415841.0538942163","9900.977473671815","140.2865855693817","39.53388500213623","0.9412829762413388","0.00021696090698242188","911.207227529595","21.69541017927607","0.00009679794311523438","0.000002304712931315104","-455.36276944555976","-408415.5812807882","-646597.4472527473","-3079.03546310832","run_ig2q9ip3"
"run_w1qk1o07","finished","-","ninamiolane","","2023-07-04T03:40:22.000Z","3440","","synthetic","162000","1280","8","10","642","0.1","3","-19196298327374.777","-29900776210.86414","-484.6269612312317","-0.7548706561234139","-2933.2568991184235","-0.4568935979935239","212.1837633786938","0.001309776317152431","19196299057344.047","29900777347.887924","2933.2573668956757","484.6271405220032","0.7548709353925283","0.0004677772521972656","729969.2703367331","1137.0237855712353","0.000179290771484375","2.792691144616433e-7","-26297406.07918957","-2703022.3430851065","-6270627.49490316","-976.7332546578132","run_w1qk1o07"
"run_3gyyl89k","finished","-","ninamiolane","","2023-07-04T02:53:22.000Z","2818","","synthetic","162000","1280","8","5","642","0.1","3","-19726131718525.867","-30726061866.86272","-585.4304203987122","-0.9118853900291468","-2210.19739484787","-0.688535013971299","301.71369077659114","0.0018624301899789577","19726132428696.63","30726062973.04771","2210.1976795196533","585.4305765628815","0.9118856332755164","0.0002846717834472656","710170.7603628574","1106.1849849888745","0.00015616416931152344","2.432463696441175e-7","-27776603.62762179","-3748813.975572519","-7764019.91122278","-2418.697791658187","run_3gyyl89k"
"run_4k9q6njg","finished","-","ninamiolane","","2023-07-04T02:41:38.000Z","702","","synthetic","5400","320","8","10","162","0.1","2","-998700557.326653","-6164818.2551027965","-196.8760063648224","-1.215283989906311","-487.2561800479889","-0.3007754197827092","14.058158001675134","0.0026033625929028025","998712762.0430592","6164893.59285839","487.2573478221894","196.87645530700684","1.2152867611543632","0.0011677742004394531","12204.716406091571","75.33775559315785","0.0004489421844482422","0.0000027712480521496433","-81829.06706690745","-438533.0966542751","-417252.0508370764","-257.5629943438743","run_4k9q6njg"
"run_lva41arb","finished","-","ninamiolane","","2023-07-04T02:32:57.000Z","519","","synthetic","5400","320","8","5","162","0.1","2","-841548568.6710227","-5194744.251055695","-117.86981058120728","-0.7275914233407856","-388.5052709579468","-0.4796361369851195","19.5147608746938","0.0036138446064247778","841560162.6419855","5194815.818777689","388.5055158138275","117.86994457244872","0.7275922504472144","0.0002448558807373047","11593.97096286449","71.56772199299068","0.00013399124145507812","8.271064287350501e-7","-72585.01607141369","-879682.950177936","-1586669.1450827653","-1958.8507963984755","run_lva41arb"
"run_zr9n9ijw","finished","-","ninamiolane","","2023-07-04T02:30:05.000Z","170","","synthetic","180","80","8","10","42","0.1","1","-47804.34541935084","-1138.1987004607342","-22.504255771636963","-0.5358156136104039","-134.11011028289795","-0.31930978638785223","0.8708687894400283","0.004838159941333491","48007.33146388897","1143.031701521166","134.11043405532837","22.504363298416138","0.5358181737718128","0.0003237724304199219","202.98604453813576","4.833001060431804","0.00010752677917480467","0.000002560161408923921","-235.50557639626135","-209289.77827050997","-414211.0250368189","-986.2167262781402","run_zr9n9ijw"
"run_67lq0twh","finished","-","ninamiolane","","2023-07-04T02:27:42.000Z","141","","synthetic","180","80","8","5","42","0.1","1","-43623.504539944435","-1038.654869998677","-32.095294713974","-0.7641736836660475","-96.1312096118927","-0.45776766481853665","1.2722372379404765","0.007067984655224869","43823.52509237784","1043.4172641042344","96.13141870498656","32.09540295600891","0.764176260857355","0.0002090930938720703","200.02055243340888","4.762394105557354","0.00010824203491210938","0.000002577191307431176","-218.0951107735173","-296514.1475770925","-459753.1550741163","-2189.300738448173","run_67lq0twh"
"run_qy2xyjat","finished","-","ninamiolane","","2023-07-04T01:43:42.000Z","2638","","synthetic","162000","1280","5","10","642","0.1","3","-20032115598815.55","-31202672272.298367","-671.4604856967926","-1.0458886070043498","-1943.9204819202423","-0.30279135232402526","209.47031291764975","0.0012930266229484553","20032116319455.055","31202673394.789806","1943.9209871292112","671.46071434021","1.0458889631467445","0.0005052089691162109","720639.5037398484","1122.491438847116","0.00022864341735839844","3.561423946392499e-7","-27797692.87536472","-2936714.7038581856","-3847755.286927796","-599.3388297395321","run_qy2xyjat"
"run_wrxmzs0g","finished","-","ninamiolane","","2023-07-04T01:07:47.000Z","2154","","synthetic","162000","1280","5","5","642","0.1","3","-20427236142791.77","-31818124833.008987","-605.6965978145599","-0.9434526445709656","-1524.7730178833008","-0.475007170680156","307.58550835299775","0.0018986759774876404","20427236866785.03","31818125960.724342","1524.7733731269836","605.6967990398407","0.9434529580059824","0.0003552436828613281","723993.2612452393","1127.7153601950768","0.00020122528076171875","3.1343501676280177e-7","-28214677.17483688","-3010042.2547393367","-4292188.971812081","-1337.1305208137323","run_wrxmzs0g"
"run_tbd4yanj","finished","-","ninamiolane","","2023-07-04T00:57:12.000Z","634","","synthetic","5400","320","5","10","162","0.1","2","-1166333365.4742706","-7199588.675767102","-79.15125226974487","-0.4885879769737338","-542.4504871368408","-0.3348459797140993","14.144098842319494","0.002619277563392499","1166345661.9096382","7199664.579689125","542.4508299827576","79.15139365196228","0.4885888497034709","0.0003428459167480469","12296.435367615351","75.90392202231699","0.00014138221740722656","8.727297370816454e-7","-94851.339482172","-559838.8094435076","-1582199.0598052852","-976.6660862995589","run_tbd4yanj"
"run_kadtuyji","finished","-","ninamiolane","","2023-07-04T00:47:04.000Z","606","","synthetic","5400","320","5","5","162","0.1","2","-995438668.3935804","-6144683.138231977","-184.109970331192","-1.1364812983406916","-409.44791293144226","-0.5054912505326448","20.28017981179291","0.003755588854035724","995450722.715555","6144757.547626883","409.44824743270874","184.11013197898865","1.1364822961665966","0.0003345012664794922","12054.321974681206","74.40939490543954","0.00016164779663085938","9.978259051287616e-7","-82579.39936268429","-1138957.5","-1224054.8959372772","-1511.1788838731818","run_kadtuyji"
"run_ux566twk","finished","-","ninamiolane","","2023-07-04T00:44:01.000Z","182","","synthetic","180","80","5","10","42","0.1","1","-35633.02696061533","-848.4054038241745","-64.71140503883362","-1.540747739019848","-104.5293354988098","-0.2488793702352615","0.905223920028491","0.005029021777936061","35841.273243321746","853.3636486505178","104.52976536750792","64.71152925491333","1.5407506965455555","0.0004298686981201172","208.24628270641617","4.9582448263432415","0.00012421607971191406","0.000002957525707426526","-171.1100265393475","-520958.358925144","-243165.7293399889","-578.9660222380688","run_ux566twk"
"run_y409w0rc","finished","-","ninamiolane","","2023-07-04T00:42:00.000Z","119","","synthetic","180","80","5","5","42","0.1","1","-39980.5786678577","-951.9185397108976","-39.21161651611328","-0.9336099170503164","-68.5933632850647","-0.32663506326221287","1.1498373325866185","0.0063879851810367694","40162.59267144546","956.2522064629871","68.59359073638916","39.211732149124146","0.9336126702172416","0.00022745132446289065","182.01400358776252","4.3336667520895835","0.0001156330108642578","0.0000027531669253394717","-219.65660817179972","-339104","-301573.8134171908","-1436.065778177099","run_y409w0rc"
"run_ag3tj7ke","finished","-","ninamiolane","","2023-07-04T00:10:33.000Z","1885","","synthetic","162000","1280","3","10","642","0.1","3","-20274200249890.645","-31579751168.053963","-783.067061662674","-1.2197306256427942","-1080.3137602806091","-0.16827317138327244","206.07178488938544","0.0012720480548727496","20274200958833.336","31579752272.32607","1080.3143939971924","783.0673973560333","1.219731148529647","0.0006337165832519531","708942.689991493","1104.2721027904877","0.000335693359375","5.228868526090342e-7","-28597798.57541648","-2332685.588778409","-1704726.984951091","-265.5337982789861","run_ag3tj7ke"
"run_r40vkftp","finished","-","ninamiolane","","2023-07-03T23:42:32.000Z","1679","","synthetic","162000","1280","3","5","642","0.1","3","-19974511180866.953","-31112945764.59027","-741.5084297657013","-1.1549975541521826","-912.523904800415","-0.2842753597509081","298.13750946031683","0.0018403549966686224","19974511882620.617","31112946857.664513","912.5242393016816","741.508645772934","1.1549978906120466","0.0003345012664794922","701753.6645239125","1093.0742438067173","0.0002160072326660156","3.364598639657565e-7","-28463707.694947585","-3432794.4514348786","-2728013.3029223094","-849.8483809726821","run_r40vkftp"
"run_4f3j1raz","finished","-","ninamiolane","","2023-07-03T23:36:02.000Z","388","","synthetic","5400","320","3","10","162","0.1","2","-1065831685.8032348","-6579207.937057006","-151.10468816757202","-0.932744988688716","-224.007910490036","-0.13827648795681236","13.820000071022967","0.0025592592724116604","1065843683.0603732","6579281.994199834","224.00823879241943","151.1048185825348","0.9327457937193504","0.00032830238342285156","11997.257138149123","74.05714282808101","0.0001304149627685547","8.050306343737943e-7","-88839.61338246903","-1158645.3345521025","-682321.913580247","-421.18636640755983","run_4f3j1raz"
"run_hzszc4ci","finished","-","ninamiolane","","2023-07-03T23:30:05.000Z","355","","synthetic","5400","320","3","5","162","0.1","2","-926034181.4979773","-5716260.3796171425","-119.65620517730711","-0.7386185504772045","-222.34486985206604","-0.27449983932353833","19.591591945801262","0.003628072582555789","926045818.0424708","5716332.210138708","222.34512758255005","119.6563491821289","0.7386194393958574","0.00025773048400878906","11636.544493607826","71.83052156548041","0.00014400482177734375","8.889186529465664e-7","-79579.82560945522","-830918.0463576159","-862703.0314523589","-1065.0654709288383","run_hzszc4ci"
"run_bfymqglv","finished","-","ninamiolane","","2023-07-03T23:28:34.000Z","89","","synthetic","180","80","3","10","42","0.1","1","-54744.288892470686","-1303.4354498207306","-21.85999751091003","-0.5204761312121436","-55.762776136398315","-0.13276851461047218","0.8976340032048767","0.004986855573360426","54953.38566946805","1308.413944511144","55.763120889663696","21.860143184661865","0.5204795996348063","0.0003447532653808594","209.09677699736656","4.9784946904134895","0.0001456737518310547","0.000003468422662644159","-261.81316459583763","-150061.33387888706","-161746.9121715076","-385.11169564644666","run_bfymqglv"
"run_v4imwxon","finished","-","ninamiolane","","2023-07-03T23:26:16.000Z","136","","synthetic","180","80","3","5","42","0.1","1","-40015.8555310654","-952.7584650253666","-67.04659461975098","-1.596347490946452","-56.113725900650024","-0.2672082185745239","1.2882106875993709","0.007156726042218727","40217.896702947335","957.5689691177936","56.113951206207275","67.04668021202087","1.59634952885764","0.00022530555725097656","202.04117188193928","4.810504092427125","0.00008559226989746094","0.000002037911188034784","-198.05792630448735","-783325.3481894151","-249056.11111111112","-1185.9814814814815","run_v4imwxon"
"run_pkicwtek","finished","-","ninamiolane","","2023-07-03T22:28:54.000Z","3440","","synthetic","162000","1280","8","10","642","0.01","3","-752925231079.0386","-1172780733.767973","-636.6414291858673","-0.99165331648889","-2781.361203432083","-0.4332338323102934","20.808898525273307","0.0001284499908967488","752925304566.0907","1172780848.233786","2781.3616297245026","636.6415920257568","0.9916535701335776","0.00042629241943359375","73487.05211485855","114.46581326301956","0.0001628398895263672","2.536446877357744e-7","-10245685.59237121","-3909615.9487554906","-6524538.266778523","-1016.2832191243806","run_pkicwtek"
"run_ukljzgmw","finished","-","ninamiolane","","2023-07-03T21:58:55.000Z","1797","","synthetic","162000","1280","8","5","642","0.01","3","-715232834698.7415","-1114069835.979348","-491.25579857826233","-0.7651959479412186","-1282.551608324051","-0.39954878763989127","29.095147950044797","0.00017959967870398024","715232904449.728","1114069944.6257446","1282.5519804954529","491.2559776306152","0.7651962268389645","0.00037217140197753906","69750.9865484321","108.6463964928849","0.00017905235290527344","2.788977459583699e-7","-10254089.154740691","-2743643.3568575233","-3446131.544522742","-1073.561228823284","run_ukljzgmw"
"run_li9qg1cp","finished","-","ninamiolane","","2023-07-03T21:47:28.000Z","685","","synthetic","5400","320","8","10","162","0.01","2","-52037005.84004607","-321216.0854323832","-111.40573263168336","-0.6876897076029836","-562.1258275508881","-0.34699125157462224","1.370036617410029","0.00025371048470556093","52038226.32351743","321223.61928097176","562.1261606216431","111.40584969520567","0.687690430217319","0.0003330707550048828","1220.4834713587052","7.533848588633982","0.0001170635223388672","7.226143354251061e-7","-42636.38718688733","-951669.0631364562","-1687706.9484609878","-1041.794412630239","run_li9qg1cp"
"run_qz6kfvqu","finished","-","ninamiolane","","2023-07-03T21:40:24.000Z","422","","synthetic","5400","320","8","5","162","0.01","2","-49673453.283526294","-306626.25483658205","-90.30875062942503","-0.5574614236384262","-319.33507013320923","-0.3942408273249496","1.9952664689644055","0.000369493790548964","49674662.16697737","306633.7170801072","319.33530926704407","90.30888986587524","0.5574622831226866","0.0002391338348388672","1208.8834510773595","7.462243525168886","0.0001392364501953125","8.59484260464892e-7","-41090.35758513958","-648599.9212328767","-1335382.2153539383","-1648.6200189554793","run_qz6kfvqu"
"run_toxoqunu","finished","-","ninamiolane","","2023-07-03T21:36:38.000Z","224","","synthetic","180","80","8","10","42","0.01","1","-3394.1940925213994","-80.81414506003333","-25.106945991516113","-0.5977844283694312","-185.9093632698059","-0.4426413411185855","0.08649095743656296","0.0004805053190920164","3414.259903985651","81.29190247584883","185.9096791744232","25.10705256462097","0.5977869658243089","0.0003159046173095703","20.065811464251293","0.477757415815507","0.00010657310485839844","0.000002537454877580915","-169.15309398617663","-235584.25950782996","-588498.4045283019","-1401.1866774483378","run_toxoqunu"
"run_878co54g","finished","-","ninamiolane","","2023-07-03T21:34:44.000Z","112","","synthetic","180","80","8","5","42","0.01","1","-2980.2390186351386","-70.95807187226521","-22.296894311904907","-0.5308784359977359","-77.3839271068573","-0.36849489098503474","0.11851727360950076","0.0006584292978305597","2998.854572724107","71.40129935057398","77.38413739204407","22.297006368637085","0.5308811040151686","0.00021028518676757812","18.615554088968626","0.44322747830877673","0.00011205673217773438","0.0000026680174328031992","-160.09402698366074","-198978.6234042553","-367995.141723356","-1752.3578177302668","run_878co54g"
"run_iehcosax","finished","-","ninamiolane","","2023-07-03T20:59:29.000Z","2113","","synthetic","162000","1280","5","10","642","0.01","3","-720387691597.0942","-1122099208.0951624","-576.0628855228424","-0.8972942142100349","-1515.6113722324371","-0.2360765377309092","19.824602078860835","0.00012237408690654835","720387761822.0671","1122099317.4798553","1515.6119043827057","576.0631210803986","0.8972945811221161","0.0005321502685546875","70224.97292118467","109.38469302365212","0.00023555755615234375","3.669120812341803e-7","-10258283.650826098","-2445529.2155870446","-2848089.086469534","-443.6275835622327","run_iehcosax"
"run_7lyvlzqm","finished","-","ninamiolane","","2023-07-03T20:30:16.000Z","1751","","synthetic","162000","1280","5","5","642","0.01","3","-717113884057.7758","-1116999819.4046352","-760.6259927749634","-1.1847756896806283","-967.8063569068908","-0.30149730744762954","29.67229213369172","0.00018316229712155385","717113955514.3776","1116999930.7077532","967.8067572116852","760.6262233257294","1.184776048793971","0.00040030479431152344","71456.60176425154","111.30311801285286","0.00023055076599121096","3.591133426654376e-7","-10035656.137464616","-3299169.2285418822","-2417673.6593210245","-753.1693642744625","run_7lyvlzqm"
"run_r3ffn1fr","finished","-","ninamiolane","","2023-07-03T20:23:13.000Z","422","","synthetic","5400","320","5","10","162","0.01","2","-49320532.60926503","-304447.73215595697","-95.17342019081116","-0.5874902480914269","-312.56883096694946","-0.1929437228191046","1.2370833613208636","0.00022908951135571548","49321636.938989475","304454.54900610785","312.5691816806793","95.1735577583313","0.58749109727365","0.00035071372985839844","1104.3297244433522","6.81685015088489","0.00013756752014160156","8.491822230963059e-7","-44661.05685430636","-691830.6013864818","-891236.3684568321","-550.1459064548346","run_r3ffn1fr"
"run_bngmbqgk","finished","-","ninamiolane","","2023-07-03T20:17:24.000Z","347","","synthetic","5400","320","5","5","162","0.01","2","-48310449.45408288","-298212.65095112886","-109.90505695343018","-0.6784262774903097","-224.9741554260254","-0.27774587089632763","1.893101455693789","0.000350574343646998","48311595.96289972","298219.72816604766","224.9744951725006","109.9052164554596","0.6784272620707382","0.00033974647521972656","1146.5088168420614","7.077214918778156","0.0001595020294189453","9.84580428512008e-7","-42137.00648822654","-689051.1509715994","-662182.4561403509","-817.5092051115444","run_bngmbqgk"
"run_3yr30o61","finished","-","ninamiolane","","2023-07-03T20:14:54.000Z","148","","synthetic","180","80","5","10","42","0.01","1","-4093.4059413499","-97.46204622261666","-23.50893783569336","-0.5597366151355562","-111.21621584892272","-0.2648005139260065","0.0954300436583524","0.000530166909213069","4115.4689418944945","97.98735575939271","111.216539144516","23.509037971496586","0.5597389993213472","0.00032329559326171875","22.06300054459475","0.5253095367760655","0.00010013580322265624","0.000002384185791015625","-185.532603921036","-234770.55238095237","-344007.83112094394","-819.0662645736761","run_3yr30o61"
"run_xx50xbxp","finished","-","ninamiolane","","2023-07-03T20:13:23.000Z","90","","synthetic","180","80","5","5","42","0.01","1","-4059.593420731813","-96.6569862079003","-24.64409327507019","-0.5867641255969093","-51.68930435180664","-0.24613954453241255","0.147891078442137","0.0008216171024563167","4082.838959797425","97.2104514237482","51.689528942108154","24.644197463989254","0.5867666062854585","0.00022459030151367188","23.245539065612363","0.5534652158479134","0.0001041889190673828","0.0000024806885492234004","-174.63967642450842","-236532.76659038904","-230149.31634819537","-1095.9491254675968","run_xx50xbxp"
"run_23m5so82","finished","-","ninamiolane","","2023-07-03T19:50:50.000Z","1351","","synthetic","162000","1280","3","10","642","0.01","3","-729694549582.4773","-1136595871.6237965","-500.9225242137909","-0.7802531529809827","-823.7373461723328","-0.12830799784615776","20.139801763904785","0.0001243197639747209","729694620806.868","1136595982.565215","823.737765789032","500.9226770401001","0.7802533910281932","0.00041961669921875","71224.39075447358","110.94141862067536","0.00015282630920410156","2.3804721059828905e-7","-10245009.354982028","-3277724.4102964117","-1963070.9352272728","-305.7742889762107","run_23m5so82"
"run_oof1x6cw","finished","-","ninamiolane","","2023-07-03T19:31:44.000Z","1145","","synthetic","162000","1280","3","5","642","0.01","3","-741793925473.4446","-1155442251.5162687","-438.9344878196716","-0.6836985791583671","-684.0676152706146","-0.2131051760967647","29.99820370942153","0.00018517409697173785","741793997717.839","1155442364.0464785","684.0679657459259","438.9347195625305","0.6836989401285523","0.0003504753112792969","72244.39444981632","112.5302094233899","0.00023174285888671875","3.609701851818049e-7","-10267840.586423945","-1894058.3106995884","-1951828.2551020407","-608.0461853900439","run_oof1x6cw"
"run_4po0yp68","finished","-","ninamiolane","","2023-07-03T19:27:02.000Z","280","","synthetic","5400","320","3","10","162","0.01","2","-51206178.53138506","-316087.5217986732","-91.22542452812196","-0.5631199044945799","-175.6430938243866","-0.10842166285455963","1.342308916845907","0.0002485757253418346","51207375.97473925","316094.9134243164","175.6435055732727","91.225608587265","0.5631210406621298","0.0004117488861083984","1197.443354197884","7.391625643196814","0.00018405914306640625","0.0000011361675497926311","-42762.923483496124","-495631.0401554404","-426578.18818760855","-263.3198692516102","run_4po0yp68"
"run_0eqv3p85","finished","-","ninamiolane","","2023-07-03T19:22:44.000Z","256","","synthetic","5400","320","3","5","162","0.01","2","-54086442.5069603","-333866.9290553105","-102.77537178993224","-0.6344158752464953","-139.71482515335083","-0.17248743846092696","2.095685672554381","0.0003880899393619224","54087714.4603709","333874.78061957343","139.715096950531","102.77554869651794","0.6344169672624564","0.00027179718017578125","1271.953410594537","7.851564262929241","0.00017690658569335938","0.0000010920159610701196","-42522.345595723666","-580958.4272237197","-514040.7456140351","-634.6182044617717","run_0eqv3p85"
"run_k1zd3cnx","finished","-","ninamiolane","","2023-07-03T19:21:02.000Z","95","","synthetic","180","80","3","10","42","0.01","1","-3038.139682118002","-72.33665909804766","-31.219911098480225","-0.7433312166304815","-52.267218828201294","-0.124445759114765","0.08218993529861879","0.0004566107516589933","3057.1876640319892","72.79018247695213","52.26754426956177","31.2200288772583","0.7433340208871024","0.0003254413604736328","19.04798191398716","0.4535233789044562","0.00011777877807617188","0.0000028042566208612353","-159.49929477238004","-265072.46558704454","-160604.10622710624","-382.3907291121577","run_k1zd3cnx"
"run_bj866uu5","finished","-","ninamiolane","","2023-07-03T19:19:47.000Z","73","","synthetic","180","80","3","5","42","0.01","1","-3796.250087462503","-90.3869068443453","-23.73976492881775","-0.5652324983051845","-34.67051672935486","-0.1650976987112136","0.1442723083675319","0.0008015128242640662","3818.9675993220985","90.92779998385949","34.67085933685303","23.739923238754272","0.5652362675893874","0.0003426074981689453","22.717511859595387","0.5408931395141758","0.0001583099365234375","0.000003769284202938988","-167.10677256052796","-149957.51656626505","-101196.02435629784","-481.885830268085","run_bj866uu5"