Name,State,Notes,User,Tags,Created,Runtime,dataset_name,end_shape,euclidean_subspace,full_run,use_parka,geodesic_initialization,geodesic_residuals,n_times,noise_factor,sped_up,start_shape,ellipse_dimensions,n_steps,n_subdivisions,tol_factor,euclidean_subspace_via_diffs,euclidean_subspace_via_ratio,geodesic_coef_err,geodesic_duration_time,geodesic_intercept_err,geodesic_tol,linear_coef_err,linear_duration_time,linear_intercept_err,mesh_diameter,ellipse_ratio_h_v,n_faces,test_diff_tolerance
run_iefgn7q3,finished,-,adelemyers,,2023-07-07T18:04:44.000Z,575,synthetic,ellipsoid,False,True,,warm_start,False,5,0.0,True,sphere,"[2,2,3]",3.0,4.0,0.001,,,0.07083378302034703,432.0982360839844,0.010431084137940194,430653804840000.1,0.07083378302034703,260.5246000289917,0.010431084137940194,1620000.0000000002,0.6666666666666666,5120.0,1620.0000000000002
run_ijkw50rh,finished,-,adelemyers,,2023-07-07T17:56:38.000Z,423,synthetic,ellipsoid,False,True,,warm_start,False,5,0.0,True,sphere,"[10,10,2]",3.0,3.0,0.001,,,0.07083378302034703,262.0579674243927,0.010431084137940194,30046755600.00001,0.07083378302034703,112.8525493144989,0.010431084137940194,54000.00000000001,5.0,1280.0,54.00000000000001
run_ctkcg2xc,finished,-,adelemyers,,2023-07-07T17:48:49.000Z,467,synthetic,ellipsoid,False,True,,warm_start,False,5,0.0,True,sphere,"[2,2,10]",3.0,3.0,0.001,,,0.07083378302034703,314.1777415275574,0.010431084137940194,30046755600.00001,0.07083378302034703,174.8339297771454,0.010431084137940194,54000.00000000001,0.2,1280.0,54.00000000000001
run_nwkqq7oh,finished,-,adelemyers,,2023-07-07T17:39:57.000Z,530,synthetic,ellipsoid,False,True,,warm_start,False,5,0.0,True,sphere,"[2,2,3]",3.0,3.0,0.001,,,0.07083378302034703,347.13245129585266,0.010431084137940194,30046755600.00001,0.07083378302034703,174.72143125534058,0.010431084137940194,54000.00000000001,0.6666666666666666,1280.0,54.00000000000001
run_wxl5wxwq,finished,-,adelemyers,,2023-07-07T17:34:14.000Z,315,synthetic,ellipsoid,False,True,,warm_start,False,5,0.0,True,sphere,"[10,10,2]",3.0,2.0,0.001,,,0.07083378302034703,239.85861444473267,0.010431084137940194,2125764.0,0.07083378302034703,176.2245590686798,0.010431084137940194,1800.0000000000002,5.0,320.0,1.8000000000000005
run_pqdho37i,finished,-,adelemyers,,2023-07-07T17:32:00.000Z,133,synthetic,ellipsoid,False,True,,warm_start,False,5,0.0,True,sphere,"[2,2,10]",3.0,2.0,0.001,,,0.07083378302034703,81.44492840766907,0.010431084137940194,2125764.0,0.07083378302034703,43.17907738685608,0.010431084137940194,1800.0000000000002,0.2,320.0,1.8000000000000005
run_640q2l4p,finished,-,adelemyers,,2023-07-07T17:29:46.000Z,132,synthetic,ellipsoid,False,True,,warm_start,False,5,0.0,True,sphere,"[2,2,3]",3.0,2.0,0.001,,,0.07083378302034703,79.39423751831055,0.010431084137940194,2125764.0,0.07083378302034703,39.87753915786743,0.010431084137940194,1800.0000000000002,0.6666666666666666,320.0,1.8000000000000005
run_imzzaxdo,finished,-,adelemyers,,2023-07-07T17:28:51.000Z,30,synthetic,ellipsoid,False,True,,warm_start,False,5,0.0,True,sphere,"[10,10,2]",3.0,1.0,0.001,,,0.07083378302034703,10.08539080619812,0.010431084137940194,158.76000000000005,0.07083378302034703,0.070225715637207,0.010431084137940194,60.00000000000001,5.0,80.0,0.06
run_e46cukz3,finished,-,adelemyers,,2023-07-07T17:28:11.000Z,38,synthetic,ellipsoid,False,True,,warm_start,False,5,0.0,True,sphere,"[2,2,10]",3.0,1.0,0.001,,,0.07083378302034703,12.587037324905396,0.010431084137940194,158.76000000000005,0.07083378302034703,0.0711421966552734,0.010431084137940194,60.00000000000001,0.2,80.0,0.06
run_pls4owbe,finished,-,adelemyers,,2023-07-07T17:27:37.000Z,32,synthetic,ellipsoid,False,True,,warm_start,False,5,0.0,True,sphere,"[2,2,3]",3.0,1.0,0.001,,,0.07083378302034703,10.164772510528564,0.010431084137940194,158.76000000000005,0.07083378302034703,0.098276138305664,0.010431084137940194,60.00000000000001,0.6666666666666666,80.0,0.06
run_1mgnef3w,finished,-,adelemyers,,2023-07-06T23:49:48.000Z,32,synthetic,ellipsoid,False,True,,warm_start,False,5,0.0,True,sphere,"[2,2,3]",3.0,1.0,0.001,,,0.07083378302034703,10.094483852386476,0.010431084137940194,158.76000000000005,0.07083378302034703,0.0950515270233154,0.010431084137940194,60.00000000000001,0.6666666666666666,80.0,0.06
run_e24gxzea,finished,-,adelemyers,,2023-07-06T19:23:40.000Z,11705,synthetic,ellipsoid,,True,,warm_start,False,10,0.0001,True,sphere,"[2,2,10]",3.0,3.0,0.001,false,false,10.764412646955167,9499.591145038605,2.0746211743651184,148379.04000000007,10.764412646955167,7364.071561098099,2.0746211743651184,60.000000000000014,0.2,1280.0,0.0600262051205595
run_gs4mvafz,finished,-,adelemyers,,2023-07-06T16:04:54.000Z,11924,synthetic,ellipsoid,,True,,warm_start,False,10,0.0001,True,sphere,"[2,2,3]",3.0,3.0,0.001,false,false,3.688538437421178,11511.602937936785,0.9699518480035666,148379.04000000007,3.688538437421178,11105.041873455048,0.9699518480035666,60.000000000000014,0.6666666666666666,1280.0,0.060024614220576
run_yy15k042,finished,-,adelemyers,,2023-07-06T15:18:22.000Z,2743,synthetic,ellipsoid,,True,,warm_start,False,10,0.0001,True,sphere,"[10,10,2]",3.0,2.0,0.001,false,false,50.58728890044658,2533.9773647785187,2.86667240831029,9447.840000000004,50.58728890044658,2339.1063899993896,2.86667240831029,60.00000000000001,5.0,320.0,0.0600205795701864
run_jy8a04xu,finished,-,adelemyers,,2023-07-06T14:38:19.000Z,2401,synthetic,ellipsoid,,True,,warm_start,False,10,0.0001,True,sphere,"[2,2,10]",3.0,2.0,0.001,false,false,1.34866944855622,2201.01882648468,0.5615055680331723,9447.840000000004,1.34866944855622,2010.596667289734,0.5615055680331723,60.00000000000001,0.2,320.0,0.0600186639632676
run_8ceo7vkp,finished,-,adelemyers,,2023-07-06T14:08:36.000Z,1777,synthetic,ellipsoid,,True,,warm_start,False,10,0.0001,True,sphere,"[2,2,3]",3.0,2.0,0.001,false,false,1.5822347694235692,1691.0670034885406,0.41825107485673646,9447.840000000004,1.5822347694235692,1622.5094907283783,0.41825107485673646,60.00000000000001,0.6666666666666666,320.0,0.0600157417034732
run_prfdwwo3,finished,-,adelemyers,,2023-07-06T14:00:25.000Z,464,synthetic,ellipsoid,,True,,warm_start,False,10,0.0001,True,sphere,"[10,10,2]",3.0,1.0,0.001,false,false,49.611692382266,412.1970374584198,3.3452053667404686,635.0400000000002,49.611692382266,373.0913507938385,3.3452053667404686,60.00000000000001,5.0,80.0,0.0600089878578596
run_e68g3d5k,finished,-,adelemyers,,2023-07-06T13:42:31.000Z,1073,synthetic,ellipsoid,,True,,warm_start,False,10,0.0001,True,sphere,"[2,2,10]",3.0,1.0,0.001,false,false,1.1784222150540895,1033.1023626327517,0.4491035612774359,635.0400000000002,1.1784222150540895,1010.368772506714,0.4491035612774359,60.00000000000001,0.2,80.0,0.0600210086839157
run_4645llac,finished,-,adelemyers,,2023-07-06T13:36:42.000Z,347,synthetic,ellipsoid,,True,,warm_start,False,10,0.0001,True,sphere,"[2,2,3]",3.0,1.0,0.001,false,false,0.8813393279465616,316.286913394928,0.2353387643727539,635.0400000000002,0.8813393279465616,298.3388700485229,0.2353387643727539,60.00000000000001,0.6666666666666666,80.0,0.0600150838008344
run_sx2a8wgv,finished,-,adelemyers,,2023-07-05T23:54:03.000Z,49240,synthetic,ellipsoid,,True,,warm_start,False,10,0.0,True,sphere,"[10,10,2]",3.0,4.0,0.001,false,false,15.571525556189437,43153.44240641594,2.957176387552993,2362983.8400000017,15.571525556189437,37103.60623908043,2.957176387552993,60.000000000000014,5.0,5120.0,0.06
run_l0j1bos8,finished,-,adelemyers,,2023-07-05T11:17:19.000Z,45402,synthetic,ellipsoid,,True,,warm_start,False,10,0.0,True,sphere,"[2,2,10]",3.0,4.0,0.001,false,false,17.187926972211656,35868.072412252426,1.0709498926181,2362983.8400000017,17.187926972211656,28386.356034994125,1.0709498926181,60.000000000000014,0.2,5120.0,0.06
run_wv8qyvwk,finished,-,adelemyers,,2023-07-04T21:42:37.000Z,48880,synthetic,ellipsoid,,True,,warm_start,False,10,0.0,True,sphere,"[2,2,3]",3.0,4.0,0.001,false,false,2.3015154717202715,46319.23036813736,0.5926544980305146,2362983.8400000017,2.3015154717202715,43791.77521944046,0.5926544980305146,60.000000000000014,0.6666666666666666,5120.0,0.06
run_3lpwb0s5,finished,-,adelemyers,,2023-07-04T20:22:18.000Z,4673,synthetic,ellipsoid,,True,,warm_start,False,10,0.0,True,sphere,"[10,10,2]",3.0,3.0,0.001,false,false,3.1216469230278876,4248.847982406616,4.246846469921085,148379.04000000007,3.1216469230278876,3837.123554944992,4.246846469921085,60.000000000000014,5.0,1280.0,0.06
run_99jp9gcm,finished,-,adelemyers,,2023-07-04T18:29:59.000Z,6737,synthetic,ellipsoid,,True,,warm_start,False,10,0.0,True,sphere,"[2,2,10]",3.0,3.0,0.001,false,false,10.764381537235817,5765.326120853424,2.0745418444661397,148379.04000000007,10.764381537235817,4801.615156650543,2.0745418444661397,60.000000000000014,0.2,1280.0,0.06
run_4tv74s1e,finished,-,adelemyers,,2023-07-04T16:16:23.000Z,2071,synthetic,ellipsoid,,True,,warm_start,False,10,0.0,True,sphere,"[10,10,2]",3.0,2.0,0.001,false,false,50.587789455681914,1867.606097698212,2.866888008598212,9447.840000000004,50.587789455681914,1678.858787536621,2.866888008598212,60.00000000000001,5.0,320.0,0.06
run_c37idpbb,finished,-,adelemyers,,2023-07-04T15:14:09.000Z,3732,synthetic,ellipsoid,,True,,warm_start,False,10,0.0,True,sphere,"[2,2,10]",3.0,2.0,0.001,false,false,1.3486012245606753,3530.007897853852,0.5613129228638678,9447.840000000004,1.3486012245606753,3342.0181431770325,0.5613129228638678,60.00000000000001,0.2,320.0,0.06
run_3200wflw,finished,-,adelemyers,,2023-07-04T15:04:30.000Z,436,synthetic,ellipsoid,,True,,warm_start,False,10,0.0,True,sphere,"[10,10,2]",3.0,1.0,0.001,false,false,49.611391463798974,385.5088391304016,3.3451421152209293,635.0400000000002,49.611391463798974,348.5724425315857,3.3451421152209293,60.00000000000001,5.0,80.0,0.06
run_f1o9u3cy,finished,-,adelemyers,,2023-07-04T14:53:15.000Z,673,synthetic,ellipsoid,,True,,warm_start,False,10,0.0,True,sphere,"[2,2,10]",3.0,1.0,0.001,false,false,1.1769485517413831,635.2927711009979,0.44856238172743607,635.0400000000002,1.1769485517413831,611.7760531902313,0.44856238172743607,60.00000000000001,0.2,80.0,0.06
run_eqs2tr4i,finished,-,adelemyers,,2023-07-04T09:40:16.000Z,18559,synthetic,ellipsoid,,True,,warm_start,False,5,0.01,True,sphere,"[10,10,2]",3.0,4.0,0.001,false,false,14.43100093638815,16126.917132377625,3.1074318000246524,590745.9600000004,14.43100093638815,13691.30258512497,3.1074318000246524,60.000000000000014,5.0,5120.0,0.0633588042796639
run_unpo1m0f,finished,-,adelemyers,,2023-07-04T05:04:05.000Z,16570,synthetic,ellipsoid,,True,,warm_start,False,5,0.01,True,sphere,"[2,2,10]",3.0,4.0,0.001,false,false,18.86886340458069,15718.86191034317,0.9914043164097172,590745.9600000004,18.86886340458069,14892.236817121506,0.9914043164097172,60.000000000000014,0.2,5120.0,0.0636826836984244
run_2ztbcyqx,finished,-,adelemyers,,2023-07-03T17:46:01.000Z,40682,synthetic,ellipsoid,,True,,warm_start,False,5,0.01,True,sphere,"[2,2,3]",3.0,4.0,0.001,false,false,1.2191879626307294,39030.498975515366,0.41971421252621227,590745.9600000004,1.2191879626307294,37360.67788696289,0.41971421252621227,60.000000000000014,0.6666666666666666,5120.0,0.0632206245434093
run_afd5yjgv,finished,-,adelemyers,,2023-07-03T16:58:51.000Z,2765,synthetic,ellipsoid,,True,,warm_start,False,5,0.01,True,sphere,"[10,10,2]",3.0,3.0,0.001,false,false,3.885301436916195,2355.254793405533,6.9747475106888634,37094.76000000002,3.885301436916195,1958.792839050293,6.9747475106888634,60.000000000000014,5.0,1280.0,0.0626435109564714
run_yf2x9u1d,finished,-,adelemyers,,2023-07-03T15:40:50.000Z,4679,synthetic,ellipsoid,,True,,warm_start,False,5,0.01,True,sphere,"[2,2,10]",3.0,3.0,0.001,false,false,11.451143382696957,4051.799040794373,1.4851565230400074,37094.76000000002,11.451143382696957,3435.464460372925,1.4851565230400074,60.000000000000014,0.2,1280.0,0.0625080853674466
run_ukopajc6,finished,-,adelemyers,,2023-07-03T13:06:41.000Z,9247,synthetic,ellipsoid,,True,,warm_start,False,5,0.01,True,sphere,"[2,2,3]",3.0,3.0,0.001,false,false,0.9589237577348028,8941.298023700714,0.3936200730653616,37094.76000000002,0.9589237577348028,8651.907299280167,0.3936200730653616,60.000000000000014,0.6666666666666666,1280.0,0.0627972696186419
run_ui59vyt4,finished,-,adelemyers,,2023-07-03T12:31:46.000Z,2065,synthetic,ellipsoid,,True,,warm_start,False,5,0.01,True,sphere,"[10,10,2]",3.0,2.0,0.001,false,false,48.36154629508643,1980.3062720298767,1.1430237205640261,2361.960000000001,48.36154629508643,1905.788462638855,1.1430237205640261,60.00000000000001,5.0,320.0,0.0627255676636803
run_vnqzlyv1,finished,-,adelemyers,,2023-07-03T11:44:41.000Z,2824,synthetic,ellipsoid,,True,,warm_start,False,5,0.01,True,sphere,"[2,2,10]",3.0,2.0,0.001,false,false,1.498971229808928,2773.448177576065,0.8205150594745599,2361.960000000001,1.498971229808928,2736.0363416671757,0.8205150594745599,60.00000000000001,0.2,320.0,0.0620035306287768
run_apku7nbh,finished,-,adelemyers,,2023-07-03T11:35:01.000Z,579,synthetic,ellipsoid,,True,,warm_start,False,5,0.01,True,sphere,"[2,2,3]",3.0,2.0,0.001,true,false,0.7926368152592446,524.8005042076111,0.38213475973383704,2361.960000000001,0.7926368152592446,483.3451931476593,0.38213475973383704,60.00000000000001,0.6666666666666666,320.0,0.06191232069893
run_eu3hc1xe,finished,-,adelemyers,,2023-07-03T11:26:44.000Z,477,synthetic,ellipsoid,,True,,warm_start,False,5,0.01,True,sphere,"[10,10,2]",3.0,1.0,0.001,false,false,48.45139712336755,450.3030581474304,2.77933242459901,158.76000000000005,48.45139712336755,437.0423581600189,2.77933242459901,60.00000000000001,5.0,80.0,0.0612374402881426
run_wh9lmm9u,finished,-,adelemyers,,2023-07-03T11:19:16.000Z,447,synthetic,ellipsoid,,True,,warm_start,False,5,0.01,True,sphere,"[2,2,10]",3.0,1.0,0.001,false,false,1.0697204539217817,421.3970065116882,0.4000459673025941,158.76000000000005,1.0697204539217817,410.1738774776459,0.4000459673025941,60.00000000000001,0.2,80.0,0.0613888457830086
run_3nrlb6hq,finished,-,adelemyers,,2023-07-03T11:15:18.000Z,236,synthetic,ellipsoid,,True,,warm_start,False,5,0.01,True,sphere,"[2,2,3]",3.0,1.0,0.001,false,false,0.7677235754306465,212.8400566577911,0.3717771665303225,158.76000000000005,0.7677235754306465,205.1007843017578,0.3717771665303225,60.00000000000001,0.6666666666666666,80.0,0.0616106812394964
run_n5yn1xiv,finished,-,adelemyers,,2023-07-03T04:46:22.000Z,23276,synthetic,ellipsoid,,True,,warm_start,False,5,0.001,True,sphere,"[10,10,2]",3.0,4.0,0.001,false,false,14.376492010140947,21260.004008293152,3.0486697471270823,590745.9600000004,14.376492010140947,19264.564209222797,3.0486697471270823,60.000000000000014,5.0,5120.0,0.0602504454555532
run_zftoxdng,finished,-,adelemyers,,2023-07-02T22:36:17.000Z,22204,synthetic,ellipsoid,,True,,warm_start,False,5,0.001,True,sphere,"[2,2,10]",3.0,4.0,0.001,false,false,18.825493872854597,20081.305685281757,0.8448705964914089,590745.9600000004,18.825493872854597,17983.560608625412,0.8448705964914089,60.000000000000014,0.2,5120.0,0.0602415702379806
run_5wsgoomy,finished,-,adelemyers,,2023-07-02T17:00:33.000Z,20142,synthetic,ellipsoid,,True,,warm_start,False,5,0.001,True,sphere,"[2,2,3]",3.0,4.0,0.001,false,false,0.9506163045857138,19352.212128162384,0.19265031453599482,590745.9600000004,0.9506163045857138,18568.221064329147,0.19265031453599482,60.000000000000014,0.6666666666666666,5120.0,0.0603107842651309
run_kiihcada,finished,-,adelemyers,,2023-07-02T15:07:10.000Z,6743,synthetic,ellipsoid,,True,,warm_start,False,5,0.001,True,sphere,"[10,10,2]",3.0,3.0,0.001,false,false,3.653929681568572,6367.564063549042,6.94032773430077,37094.76000000002,3.653929681568572,6003.052782058716,6.94032773430077,60.000000000000014,5.0,1280.0,0.0602811157234058
run_4wwm8wyx,finished,-,adelemyers,,2023-07-02T13:17:25.000Z,6583,synthetic,ellipsoid,,True,,warm_start,False,5,0.001,True,sphere,"[2,2,10]",3.0,3.0,0.001,false,false,11.399485453632243,6003.433585166931,1.3194268614103144,37094.76000000002,11.399485453632243,5434.404071331024,1.3194268614103144,60.000000000000014,0.2,1280.0,0.0602688745468025
run_su6a9g5a,finished,-,adelemyers,,2023-07-02T10:53:36.000Z,8627,synthetic,ellipsoid,,True,,warm_start,False,5,0.001,True,sphere,"[2,2,3]",3.0,3.0,0.001,false,false,0.6223958480930984,8453.217768192291,0.12924527044428105,37094.76000000002,0.6223958480930984,8293.539563179016,0.12924527044428105,60.000000000000014,0.6666666666666666,1280.0,0.0602028900509708
run_m51vi6wb,finished,-,adelemyers,,2023-07-02T10:23:06.000Z,1802,synthetic,ellipsoid,,True,,warm_start,False,5,0.001,True,sphere,"[10,10,2]",3.0,2.0,0.001,false,false,48.326267259480595,1651.7675383090973,1.0900632986239684,2361.960000000001,48.326267259480595,1513.0568845272064,1.0900632986239684,60.00000000000001,5.0,320.0,0.0601926721185969
run_xxc9hssf,finished,-,adelemyers,,2023-07-02T09:39:05.000Z,2639,synthetic,ellipsoid,,True,,warm_start,False,5,0.001,True,sphere,"[2,2,10]",3.0,2.0,0.001,false,false,1.2011331525284497,2596.1666791439056,0.6938544894671443,2361.960000000001,1.2011331525284497,2569.0962207317352,0.6938544894671443,60.00000000000001,0.2,320.0,0.0601715188002159
run_2l5i1cjq,finished,-,adelemyers,,2023-07-02T09:06:10.000Z,1974,synthetic,ellipsoid,,True,,warm_start,False,5,0.001,True,sphere,"[2,2,3]",3.0,2.0,0.001,false,false,0.19098361550848492,1933.141497373581,0.05054056100393152,2361.960000000001,0.19098361550848492,1903.617736339569,0.05054056100393152,60.00000000000001,0.6666666666666666,320.0,0.0601314965634161
run_tebjk1au,finished,-,adelemyers,,2023-07-02T08:57:43.000Z,487,synthetic,ellipsoid,,True,,warm_start,False,5,0.001,True,sphere,"[10,10,2]",3.0,1.0,0.001,false,false,48.332369295948276,460.6124651432037,2.741866512593199,158.76000000000005,48.332369295948276,448.19154477119446,2.741866512593199,60.00000000000001,5.0,80.0,0.0600978608263355
run_woorqugq,finished,-,adelemyers,,2023-07-02T08:52:02.000Z,335,synthetic,ellipsoid,,True,,warm_start,False,5,0.001,True,sphere,"[2,2,10]",3.0,1.0,0.001,false,false,0.5952244995450541,314.81533455848694,0.13045037102018298,158.76000000000005,0.5952244995450541,305.2300579547882,0.13045037102018298,60.00000000000001,0.2,80.0,0.0601742366389301
run_mca4jd61,finished,-,adelemyers,,2023-07-02T08:47:56.000Z,245,synthetic,ellipsoid,,True,,warm_start,False,5,0.001,True,sphere,"[2,2,3]",3.0,1.0,0.001,false,false,0.07774256703265967,223.52047896385196,0.037380699313011516,158.76000000000005,0.07774256703265967,214.3245275020599,0.037380699313011516,60.00000000000001,0.6666666666666666,80.0,0.0601946166429564
run_iu1pki5k,finished,-,adelemyers,,2023-07-02T01:28:37.000Z,26301,synthetic,ellipsoid,,True,,warm_start,False,5,0.0001,True,sphere,"[10,10,2]",3.0,4.0,0.001,false,false,14.375491829834044,22861.99095392227,3.04735078272506,590745.9600000004,14.375491829834044,19376.352745771408,3.04735078272506,60.000000000000014,5.0,5120.0,0.0600258707952955
run_di3jeqp8,finished,-,adelemyers,,2023-07-01T19:25:00.000Z,21815,synthetic,ellipsoid,,True,,warm_start,False,5,0.0001,True,sphere,"[2,2,10]",3.0,4.0,0.001,false,false,18.825290172994396,19819.01220273972,0.8416633182749779,590745.9600000004,18.825290172994396,17883.210091114044,0.8416633182749779,60.000000000000014,0.2,5120.0,0.0600262491093608
run_a4uhmylw,finished,-,adelemyers,,2023-07-01T10:07:45.000Z,33433,synthetic,ellipsoid,,True,,warm_start,False,5,0.0001,True,sphere,"[2,2,3]",3.0,4.0,0.001,false,false,0.9489878593523704,32341.039393901825,0.18985832311816372,590745.9600000004,0.9489878593523704,31260.43280863762,0.18985832311816372,60.000000000000014,0.6666666666666666,5120.0,0.0600232993909907
run_p8tczr3d,finished,-,adelemyers,,2023-07-01T08:46:58.000Z,4787,synthetic,ellipsoid,,True,,warm_start,False,5,0.0001,True,sphere,"[10,10,2]",3.0,3.0,0.001,false,false,3.6359577081219503,4405.053722858429,6.939090768143795,37094.76000000002,3.6359577081219503,4036.655037164688,6.939090768143795,60.000000000000014,5.0,1280.0,0.0600236618168675
run_y7ccxeej,finished,-,adelemyers,,2023-07-01T07:40:52.000Z,3964,synthetic,ellipsoid,,True,,warm_start,False,5,0.0001,True,sphere,"[2,2,10]",3.0,3.0,0.001,false,false,11.394090989548102,3488.3664474487305,1.315798600034589,37094.76000000002,11.394090989548102,3021.9648294448853,1.315798600034589,60.000000000000014,0.2,1280.0,0.0600217435226392
run_60ncj6oe,finished,-,adelemyers,,2023-07-01T04:39:40.000Z,10871,synthetic,ellipsoid,,True,,warm_start,False,5,0.0001,True,sphere,"[2,2,3]",3.0,3.0,0.001,false,false,0.6158154485938354,10706.366427898409,0.1231645249044341,37094.76000000002,0.6158154485938354,10552.194846868517,0.1231645249044341,60.000000000000014,0.6666666666666666,1280.0,0.0600267523555421
run_z4rx2dcx,finished,-,adelemyers,,2023-07-01T04:18:20.000Z,1252,synthetic,ellipsoid,,True,,warm_start,False,5,0.0001,True,sphere,"[10,10,2]",3.0,2.0,0.001,false,false,48.32557438740566,1165.7134788036346,1.090600519881611,2361.960000000001,48.32557438740566,1091.7890892028809,1.090600519881611,60.00000000000001,5.0,320.0,0.060014900634464
run_gk6wynne,finished,-,adelemyers,,2023-07-01T03:23:33.000Z,3285,synthetic,ellipsoid,,True,,warm_start,False,5,0.0001,True,sphere,"[2,2,10]",3.0,2.0,0.001,false,false,1.1940253098754778,3246.9363889694214,0.6882902398719344,2361.960000000001,1.1940253098754778,3218.8403539657597,0.6882902398719344,60.00000000000001,0.2,320.0,0.0600228324474963
run_1k23dsz8,finished,-,adelemyers,,2023-07-01T02:48:15.000Z,2116,synthetic,ellipsoid,,True,,warm_start,False,5,0.0001,True,sphere,"[2,2,3]",3.0,2.0,0.001,false,false,0.17325193694683125,2078.1650784015656,0.03475328669389413,2361.960000000001,0.17325193694683125,2049.8457815647125,0.03475328669389413,60.00000000000001,0.6666666666666666,320.0,0.0600180538802265
run_jf3udgfw,finished,-,adelemyers,,2023-07-01T02:41:43.000Z,370,synthetic,ellipsoid,,True,,warm_start,False,5,0.0001,True,sphere,"[10,10,2]",3.0,1.0,0.001,false,false,48.31297693226682,344.8202657699585,2.733929191936361,158.76000000000005,48.31297693226682,330.21076822280884,2.733929191936361,60.00000000000001,5.0,80.0,0.0600166804334038
run_m5vhb2ad,finished,-,adelemyers,,2023-07-01T02:35:18.000Z,383,synthetic,ellipsoid,,True,,warm_start,False,5,0.0001,True,sphere,"[2,2,10]",3.0,1.0,0.001,false,false,0.5739518443017851,361.51402139663696,0.11559305300960644,158.76000000000005,0.5739518443017851,352.8704378604889,0.11559305300960644,60.00000000000001,0.2,80.0,0.060013899008058
run_cmu8xrt0,finished,-,adelemyers,,2023-07-01T02:30:24.000Z,292,synthetic,ellipsoid,,True,,warm_start,False,5,0.0001,True,sphere,"[2,2,3]",3.0,1.0,0.001,false,false,0.007373442428308404,270.3058490753174,0.003636973122959098,158.76000000000005,0.007373442428308404,262.51673340797424,0.003636973122959098,60.00000000000001,0.6666666666666666,80.0,0.0600083412850313
run_bfi1v02x,finished,-,adelemyers,,2023-06-30T17:06:30.000Z,33774,synthetic,ellipsoid,,True,,warm_start,False,5,0.0,True,sphere,"[10,10,2]",3.0,4.0,0.001,false,false,14.375362933114978,30874.19965815544,3.0473448829721614,590745.9600000004,14.375362933114978,28087.80551791191,3.0473448829721614,60.000000000000014,5.0,5120.0,0.06
run_e6123yhj,finished,-,adelemyers,,2023-06-30T11:53:25.000Z,18783,synthetic,ellipsoid,,True,,warm_start,False,5,0.0,True,sphere,"[2,2,10]",3.0,4.0,0.001,false,false,18.82515239755136,17296.34033346176,0.8415889465893692,590745.9600000004,18.82515239755136,15824.56640982628,0.8415889465893692,60.000000000000014,0.2,5120.0,0.06
run_mc8kyy2l,finished,-,adelemyers,,2023-06-30T03:39:56.000Z,29607,synthetic,ellipsoid,,True,,warm_start,False,5,0.0,True,sphere,"[2,2,3]",3.0,4.0,0.001,false,false,0.9489713234646932,28346.343419790268,0.18979426469293822,590745.9600000004,0.9489713234646932,27109.109709739685,0.18979426469293822,60.000000000000014,0.6666666666666666,5120.0,0.06
run_3j9ztu1s,finished,-,adelemyers,,2023-06-30T01:30:32.000Z,7702,synthetic,ellipsoid,,True,,warm_start,False,5,0.0,True,sphere,"[10,10,2]",3.0,3.0,0.001,false,false,3.6354792759723393,7391.945199728012,6.938968527216632,37094.76000000002,3.6354792759723393,7098.283466100693,6.938968527216632,60.000000000000014,5.0,1280.0,0.06
run_38qgcnad,finished,-,adelemyers,,2023-06-29T23:38:51.000Z,6699,synthetic,ellipsoid,,True,,warm_start,False,5,0.0,True,sphere,"[2,2,10]",3.0,3.0,0.001,false,false,11.393929108594971,6077.5828013420105,1.3156340600354521,37094.76000000002,11.393929108594971,5464.623951911926,1.3156340600354521,60.000000000000014,0.2,1280.0,0.06
run_52v2x8jv,finished,-,adelemyers,,2023-06-29T21:43:54.000Z,6895,synthetic,ellipsoid,,True,,warm_start,False,5,0.0,True,sphere,"[2,2,3]",3.0,3.0,0.001,false,false,0.615787444359464,6728.199288845062,0.12315748887189237,37094.76000000002,0.615787444359464,6575.429763555527,0.12315748887189237,60.000000000000014,0.6666666666666666,1280.0,0.06
run_gw2njk7h,finished,-,adelemyers,,2023-06-29T20:56:44.000Z,2802,synthetic,ellipsoid,,True,,warm_start,False,5,0.0,True,sphere,"[10,10,2]",3.0,2.0,0.001,false,false,48.325181531118815,2690.550992012024,1.0904027396520553,2361.960000000001,48.325181531118815,2590.966919183731,1.0904027396520553,60.00000000000001,5.0,320.0,0.06
run_ldpvgdsh,finished,-,adelemyers,,2023-06-29T20:30:45.000Z,1558,synthetic,ellipsoid,,True,,warm_start,False,5,0.0,True,sphere,"[2,2,10]",3.0,2.0,0.001,false,false,1.1936154186670482,1511.6358149051666,0.6881201903115325,2361.960000000001,1.1936154186670482,1475.675952911377,0.6881201903115325,60.00000000000001,0.2,320.0,0.06
run_ozmi9bj4,finished,-,adelemyers,,2023-06-29T20:00:54.000Z,1789,synthetic,ellipsoid,,True,,warm_start,False,5,0.0,True,sphere,"[2,2,3]",3.0,2.0,0.001,false,false,0.17191635223823584,1747.1679072380066,0.034383270447646774,2361.960000000001,0.17191635223823584,1717.9098858833313,0.034383270447646774,60.00000000000001,0.6666666666666666,320.0,0.06
run_pw8gacbv,finished,-,adelemyers,,2023-06-29T19:54:14.000Z,379,synthetic,ellipsoid,,True,,warm_start,False,5,0.0,True,sphere,"[10,10,2]",3.0,1.0,0.001,false,false,48.312705638797325,356.25819396972656,2.733326478989031,158.76000000000005,48.312705638797325,345.73493695259094,2.733326478989031,60.00000000000001,5.0,80.0,0.06
run_ui15n0xu,finished,-,adelemyers,,2023-06-29T19:45:54.000Z,498,synthetic,ellipsoid,,True,,warm_start,False,5,0.0,True,sphere,"[2,2,10]",3.0,1.0,0.001,false,false,0.571979514498595,475.3264131546021,0.11439590289971806,158.76000000000005,0.571979514498595,463.2376217842102,0.11439590289971806,60.00000000000001,0.2,80.0,0.06
run_bpjmclmd,finished,-,adelemyers,,2023-06-29T19:37:19.000Z,513,synthetic,ellipsoid,,True,,warm_start,False,5,0.0,True,sphere,"[2,2,3]",3.0,1.0,0.001,false,false,3.270775792229773e-15,488.337521314621,1.6353808411622836e-15,158.76000000000005,3.270775792229773e-15,478.2871322631836,1.6353808411622836e-15,60.00000000000001,0.6666666666666666,80.0,0.06
run_x6gjfrme,finished,-,adelemyers,,2023-06-29T18:02:21.000Z,1079,synthetic,ellipsoid,,,,warm_start,False,5,0.0,True,sphere,"[2,2,3]",3.0,2.0,0.001,false,false,0.17191635223823584,1034.1113877296448,0.034383270447646774,2361.960000000001,0.17191635223823584,1004.0351855754852,0.034383270447646774,60.00000000000001,0.6666666666666666,320.0,0.06
run_sfta2t84,finished,-,adelemyers,,2023-06-29T17:58:23.000Z,236,synthetic,ellipsoid,,,,warm_start,False,5,0.0,True,sphere,"[10,10,2]",3.0,1.0,0.001,false,false,48.312705638797325,211.7626187801361,2.733326478989031,158.76000000000005,48.312705638797325,201.12883496284485,2.733326478989031,60.00000000000001,5.0,80.0,0.06
run_wl1jcovn,finished,-,adelemyers,,2023-06-29T17:49:17.000Z,544,synthetic,ellipsoid,,,,warm_start,False,5,0.0,True,sphere,"[2,2,10]",3.0,1.0,0.001,false,false,0.571979514498595,518.3836233615875,0.11439590289971806,158.76000000000005,0.571979514498595,506.8633637428284,0.11439590289971806,60.00000000000001,0.2,80.0,0.06
run_fgu7eaax,finished,-,adelemyers,,2023-06-29T17:42:37.000Z,398,synthetic,ellipsoid,,,,warm_start,False,5,0.0,True,sphere,"[2,2,3]",3.0,1.0,0.001,false,false,3.270775792229773e-15,376.3138692378998,1.6353808411622836e-15,158.76000000000005,3.270775792229773e-15,366.1982176303863,1.6353808411622836e-15,60.00000000000001,0.6666666666666666,80.0,0.06
run_9mq2t76j,failed,-,adelemyers,,2023-06-29T16:06:13.000Z,36,synthetic,ellipsoid,,,,warm_start,False,10,0.0,True,sphere,"[2,2,3]",,1.0,0.001,,,3.270775792229773e-15,,1.6353808411622836e-15,,3.270775792229773e-15,,1.6353808411622836e-15,,,,
run_8mnzybvu,finished,-,adelemyers,,2023-06-29T14:45:50.000Z,4821,synthetic,ellipsoid,,,,warm_start,False,5,0.01,True,sphere,"[10,10,2]",,4.0,0.001,false,false,14.416723457985798,2455.012107133866,3.116451640626246,768.6000000000003,14.416723457985798,138.6699984073639,3.116451640626246,60.000000000000014,5.0,5120.0,
run_co2o9rn5,finished,-,adelemyers,,2023-06-29T13:50:12.000Z,3337,synthetic,ellipsoid,,,,warm_start,False,5,0.01,True,sphere,"[2,2,10]",,4.0,0.001,false,false,18.844565958209675,1737.7223076820374,0.9896755673764913,768.6000000000003,18.844565958209675,138.34884595870972,0.9896755673764913,60.000000000000014,0.2,5120.0,
run_018is7bt,finished,-,adelemyers,,2023-06-29T12:41:51.000Z,4099,synthetic,ellipsoid,,,,warm_start,False,5,0.01,True,sphere,"[2,2,3]",,4.0,0.001,false,false,1.2208773163680786,2106.3743302822118,0.4164728265927333,768.6000000000003,1.2208773163680786,137.59900665283203,0.4164728265927333,60.000000000000014,0.6666666666666666,5120.0,
run_lc8y8sae,finished,-,adelemyers,,2023-06-29T12:32:17.000Z,573,synthetic,ellipsoid,,,,warm_start,False,5,0.01,True,sphere,"[10,10,2]",,3.0,0.001,false,false,3.8711925243657457,285.0556409358978,6.964891111772346,192.60000000000005,3.8711925243657457,10.101734638214111,6.964891111772346,60.000000000000014,5.0,1280.0,
run_gwohey7g,finished,-,adelemyers,,2023-06-29T12:12:01.000Z,1214,synthetic,ellipsoid,,,,warm_start,False,5,0.01,True,sphere,"[2,2,10]",,3.0,0.001,false,false,11.445302841956016,599.5685863494873,1.4833218433076358,192.60000000000005,11.445302841956016,10.147097110748293,1.4833218433076358,60.000000000000014,0.2,1280.0,
run_gsll9azj,finished,-,adelemyers,,2023-06-29T12:02:58.000Z,541,synthetic,ellipsoid,,,,warm_start,False,5,0.01,True,sphere,"[2,2,3]",,3.0,0.001,false,false,0.9526815252396205,268.3708906173706,0.38636381919910945,192.60000000000005,0.9526815252396205,10.21635603904724,0.38636381919910945,60.000000000000014,0.6666666666666666,1280.0,
run_cwkipdot,finished,-,adelemyers,,2023-06-29T12:00:34.000Z,142,synthetic,ellipsoid,,,,warm_start,False,5,0.01,True,sphere,"[10,10,2]",,2.0,0.001,false,false,48.39478678552975,64.86364579200745,1.1958983042232747,48.60000000000001,48.39478678552975,1.02638578414917,1.1958983042232747,60.00000000000001,5.0,320.0,
run_p11a5vgq,finished,-,adelemyers,,2023-06-29T11:58:29.000Z,123,synthetic,ellipsoid,,,,warm_start,False,5,0.01,True,sphere,"[2,2,10]",,2.0,0.001,false,false,1.429529854804188,53.62728524208069,0.7763129271022484,48.60000000000001,1.429529854804188,1.0939621925354004,0.7763129271022484,60.00000000000001,0.2,320.0,
run_m01fs7dt,finished,-,adelemyers,,2023-06-29T11:56:53.000Z,95,synthetic,ellipsoid,,,,warm_start,False,5,0.01,True,sphere,"[2,2,3]",,2.0,0.001,false,false,0.7631469759152133,41.20615887641907,0.35708598296346844,48.60000000000001,0.7631469759152133,1.105992078781128,0.35708598296346844,60.00000000000001,0.6666666666666666,320.0,
run_40rr9rhl,finished,-,adelemyers,,2023-06-29T11:56:01.000Z,50,synthetic,ellipsoid,,,,warm_start,False,5,0.01,True,sphere,"[10,10,2]",,1.0,0.001,false,false,48.54281134764509,18.343913793563843,2.8504606831586474,12.6,48.54281134764509,0.247166633605957,2.8504606831586474,60.00000000000001,5.0,80.0,
run_h9e4pddw,finished,-,adelemyers,,2023-06-29T11:55:21.000Z,38,synthetic,ellipsoid,,,,warm_start,False,5,0.01,True,sphere,"[2,2,10]",,1.0,0.001,false,false,0.9545436407014514,13.464258670806885,0.36783793588334185,12.6,0.9545436407014514,0.2381916046142578,0.36783793588334185,60.00000000000001,0.2,80.0,
run_9ul5k8dg,finished,-,adelemyers,,2023-06-29T11:54:50.000Z,29,synthetic,ellipsoid,,,,warm_start,False,5,0.01,True,sphere,"[2,2,3]",,1.0,0.001,false,false,0.6914914150094092,7.93182635307312,0.3098486354850912,12.6,0.6914914150094092,0.2547559738159179,0.3098486354850912,60.00000000000001,0.6666666666666666,80.0,
run_8cru9u51,finished,-,adelemyers,,2023-06-29T10:22:58.000Z,5510,synthetic,ellipsoid,,,,warm_start,False,5,0.001,True,sphere,"[10,10,2]",,4.0,0.001,false,false,14.378167891240837,2805.433516263962,3.0477595068082297,768.6000000000003,14.378167891240837,137.39789175987244,3.0477595068082297,60.000000000000014,5.0,5120.0,
run_7te4zhz2,finished,-,adelemyers,,2023-06-29T09:24:33.000Z,3503,synthetic,ellipsoid,,,,warm_start,False,5,0.001,True,sphere,"[2,2,10]",,4.0,0.001,false,false,18.82527484109086,1818.374412059784,0.8442300693811896,768.6000000000003,18.82527484109086,138.00498604774475,0.8442300693811896,60.000000000000014,0.2,5120.0,
run_whrukz80,finished,-,adelemyers,,2023-06-29T08:53:15.000Z,1876,synthetic,ellipsoid,,,,warm_start,False,5,0.001,True,sphere,"[2,2,3]",,4.0,0.001,false,false,0.9525071421272677,998.440411567688,0.19330569203576417,768.6000000000003,0.9525071421272677,137.19627928733826,0.19330569203576417,60.000000000000014,0.6666666666666666,5120.0,
run_teqfxwoc,finished,-,adelemyers,,2023-06-29T08:41:15.000Z,718,synthetic,ellipsoid,,,,warm_start,False,5,0.001,True,sphere,"[10,10,2]",,3.0,0.001,false,false,3.655379013014167,355.67641162872314,6.941519070933201,192.60000000000005,3.655379013014167,10.294431924819946,6.941519070933201,60.000000000000014,5.0,1280.0,
run_5njte5f0,finished,-,adelemyers,,2023-06-29T08:10:18.000Z,1855,synthetic,ellipsoid,,,,warm_start,False,5,0.001,True,sphere,"[2,2,10]",,3.0,0.001,false,false,11.394932750596858,924.7246198654176,1.319328115868237,192.60000000000005,11.394932750596858,10.25721549987793,1.319328115868237,60.000000000000014,0.2,1280.0,
run_tse3fx0a,finished,-,adelemyers,,2023-06-29T08:03:51.000Z,385,synthetic,ellipsoid,,,,warm_start,False,5,0.001,True,sphere,"[2,2,3]",,3.0,0.001,false,false,0.6161426190528198,189.73557829856875,0.12757663774510655,192.60000000000005,0.6161426190528198,10.364881038665771,0.12757663774510655,60.000000000000014,0.6666666666666666,1280.0,
run_hbndr9rn,finished,-,adelemyers,,2023-06-29T08:00:51.000Z,179,synthetic,ellipsoid,,,,warm_start,False,5,0.001,True,sphere,"[10,10,2]",,2.0,0.001,false,false,48.33011342630012,81.25889039039612,1.0959549397202044,48.60000000000001,48.33011342630012,1.0969390869140625,1.0959549397202044,60.00000000000001,5.0,320.0,
run_r5drns3b,finished,-,adelemyers,,2023-06-29T07:59:33.000Z,76,synthetic,ellipsoid,,,,warm_start,False,5,0.001,True,sphere,"[2,2,10]",,2.0,0.001,false,false,1.1979732160309082,32.545536518096924,0.6922261081575931,48.60000000000001,1.1979732160309082,1.0237596035003662,0.6922261081575931,60.00000000000001,0.2,320.0,
run_yp2q5ojs,finished,-,adelemyers,,2023-06-29T07:58:22.000Z,69,synthetic,ellipsoid,,,,warm_start,False,5,0.001,True,sphere,"[2,2,3]",,2.0,0.001,false,false,0.19800623197618783,28.537962198257446,0.053827702551515436,48.60000000000001,0.19800623197618783,1.2392737865447998,0.053827702551515436,60.00000000000001,0.6666666666666666,320.0,
run_ygp65ds7,finished,-,adelemyers,,2023-06-29T07:57:34.000Z,46,synthetic,ellipsoid,,,,warm_start,False,5,0.001,True,sphere,"[10,10,2]",,1.0,0.001,false,false,48.32236967419705,13.547147274017334,2.7359040010558475,12.6,48.32236967419705,0.2324824333190918,2.7359040010558475,60.00000000000001,5.0,80.0,
run_rttrupqr,finished,-,adelemyers,,2023-06-29T07:57:00.000Z,32,synthetic,ellipsoid,,,,warm_start,False,5,0.001,True,sphere,"[2,2,10]",,1.0,0.001,false,false,0.5960533833581704,9.9621000289917,0.12980536518384828,12.6,0.5960533833581704,0.2271966934204101,0.12980536518384828,60.00000000000001,0.2,80.0,
run_50sfo0rq,finished,-,adelemyers,,2023-06-29T07:56:29.000Z,29,synthetic,ellipsoid,,,,warm_start,False,5,0.001,True,sphere,"[2,2,3]",,1.0,0.001,false,false,0.07863486082878432,8.228458642959595,0.042089828158860934,12.6,0.07863486082878432,0.2396318912506103,0.042089828158860934,60.00000000000001,0.6666666666666666,80.0,
run_hoh40ud7,finished,-,adelemyers,,2023-06-29T06:10:42.000Z,6346,synthetic,ellipsoid,,,,warm_start,False,5,0.0001,True,sphere,"[10,10,2]",,4.0,0.001,false,false,14.375478911918572,3218.09214258194,3.047412379960897,768.6000000000003,14.375478911918572,137.99370431900024,3.047412379960897,60.000000000000014,5.0,5120.0,
run_pzseibuc,finished,-,adelemyers,,2023-06-29T05:16:57.000Z,3223,synthetic,ellipsoid,,,,warm_start,False,5,0.0001,True,sphere,"[2,2,10]",,4.0,0.001,false,false,18.82503785096734,1669.900667667389,0.8416778174039168,768.6000000000003,18.82503785096734,137.1832709312439,0.8416778174039168,60.000000000000014,0.2,5120.0,
run_r5gao49a,finished,-,adelemyers,,2023-06-29T04:36:42.000Z,2413,synthetic,ellipsoid,,,,warm_start,False,5,0.0001,True,sphere,"[2,2,3]",,4.0,0.001,false,false,0.9491339393183951,1286.258671760559,0.1898916003667552,768.6000000000003,0.9491339393183951,139.55185961723328,0.1898916003667552,60.000000000000014,0.6666666666666666,5120.0,
run_8p02t2ry,finished,-,adelemyers,,2023-06-29T04:27:10.000Z,571,synthetic,ellipsoid,,,,warm_start,False,5,0.0001,True,sphere,"[10,10,2]",,3.0,0.001,false,false,3.6360722802392225,285.57899498939514,6.939100508654486,192.60000000000005,3.6360722802392225,10.232813835144045,6.939100508654486,60.000000000000014,5.0,1280.0,
run_snho83n2,finished,-,adelemyers,,2023-06-29T04:06:48.000Z,1220,synthetic,ellipsoid,,,,warm_start,False,5,0.0001,True,sphere,"[2,2,10]",,3.0,0.001,false,false,11.394122477491216,609.0076401233673,1.3157514712484186,192.60000000000005,11.394122477491216,10.132818937301636,1.3157514712484186,60.000000000000014,0.2,1280.0,
run_97474o01,finished,-,adelemyers,,2023-06-29T04:01:37.000Z,309,synthetic,ellipsoid,,,,warm_start,False,5,0.0001,True,sphere,"[2,2,3]",,3.0,0.001,false,false,0.6159207201625215,153.48054599761963,0.12322893792058136,192.60000000000005,0.6159207201625215,10.19523549079895,0.12322893792058136,60.000000000000014,0.6666666666666666,1280.0,
run_8f011oxi,finished,-,adelemyers,,2023-06-29T03:58:55.000Z,160,synthetic,ellipsoid,,,,warm_start,False,5,0.0001,True,sphere,"[10,10,2]",,2.0,0.001,false,false,48.323930195294395,74.08012104034424,1.0900718465465082,48.60000000000001,48.323930195294395,1.0130677223205566,1.0900718465465082,60.00000000000001,5.0,320.0,
run_ouvm9pzs,finished,-,adelemyers,,2023-06-29T03:57:44.000Z,69,synthetic,ellipsoid,,,,warm_start,False,5,0.0001,True,sphere,"[2,2,10]",,2.0,0.001,false,false,1.194097606306042,28.288158655166622,0.6885227555884004,48.60000000000001,1.194097606306042,1.0213797092437744,0.6885227555884004,60.00000000000001,0.2,320.0,
run_yis2o9c5,finished,-,adelemyers,,2023-06-29T03:56:32.000Z,70,synthetic,ellipsoid,,,,warm_start,False,5,0.0001,True,sphere,"[2,2,3]",,2.0,0.001,false,false,0.17287733762639101,28.280065774917603,0.035009343556351824,48.60000000000001,0.17287733762639101,1.030510425567627,0.035009343556351824,60.00000000000001,0.6666666666666666,320.0,
run_en574nyq,finished,-,adelemyers,,2023-06-29T03:55:40.000Z,50,synthetic,ellipsoid,,,,warm_start,False,5,0.0001,True,sphere,"[10,10,2]",,1.0,0.001,false,false,48.313596013900664,18.89798331260681,2.7335388304391377,12.6,48.313596013900664,0.2424354553222656,2.7335388304391377,60.00000000000001,5.0,80.0,
run_tpf4eeux,finished,-,adelemyers,,2023-06-29T03:55:06.000Z,32,synthetic,ellipsoid,,,,warm_start,False,5,0.0001,True,sphere,"[2,2,10]",,1.0,0.001,false,false,0.57497909231892,11.10183572769165,0.11576210373242607,12.6,0.57497909231892,0.2380886077880859,0.11576210373242607,60.00000000000001,0.2,80.0,
run_nzjx89th,finished,-,adelemyers,,2023-06-29T03:54:36.000Z,28,synthetic,ellipsoid,,,,warm_start,False,5,0.0001,True,sphere,"[2,2,3]",,1.0,0.001,false,false,0.006819676458099607,7.886622428894043,0.003386730833400466,12.6,0.006819676458099607,0.2346649169921875,0.003386730833400466,60.00000000000001,0.6666666666666666,80.0,
run_3lrae4cn,finished,-,adelemyers,,2023-06-29T01:31:00.000Z,8614,synthetic,ellipsoid,,,,warm_start,False,5,0.0,True,sphere,"[10,10,2]",,4.0,0.001,false,false,14.375362933114978,5745.572299957275,3.0473448829721614,768.6000000000003,14.375362933114978,2905.668251514435,3.0473448829721614,60.000000000000014,5.0,5120.0,
run_fp2aovx5,finished,-,adelemyers,,2023-06-28T23:33:41.000Z,7037,synthetic,ellipsoid,,,,warm_start,False,5,0.0,True,sphere,"[2,2,10]",,4.0,0.001,false,false,18.82515239755136,5578.387899875641,0.8415889465893692,768.6000000000003,18.82515239755136,4123.203877687454,0.8415889465893692,60.000000000000014,0.2,5120.0,
run_vnrt6wqg,finished,-,adelemyers,,2023-06-28T22:26:27.000Z,4032,synthetic,ellipsoid,,,,warm_start,False,5,0.0,True,sphere,"[2,2,3]",,4.0,0.001,false,false,0.9489713234646932,2760.731882572174,0.18979426469293822,768.6000000000003,0.9489713234646932,1477.8196377754211,0.18979426469293822,60.000000000000014,0.6666666666666666,5120.0,
run_jhbkxuvw,finished,-,adelemyers,,2023-06-28T22:07:05.000Z,1160,synthetic,ellipsoid,,,,warm_start,False,5,0.0,True,sphere,"[10,10,2]",,3.0,0.001,false,false,3.6354792759723393,850.8418226242065,6.938968527216632,192.60000000000005,3.6354792759723393,553.3224990367889,6.938968527216632,60.000000000000014,5.0,1280.0,
run_woqwewi9,finished,-,adelemyers,,2023-06-28T21:40:31.000Z,1592,synthetic,ellipsoid,,,,warm_start,False,5,0.0,True,sphere,"[2,2,10]",,3.0,0.001,false,false,11.393929108594971,969.9909868240356,1.3156340600354521,192.60000000000005,11.393929108594971,363.4435179233551,1.3156340600354521,60.000000000000014,0.2,1280.0,
run_qudcs9kj,finished,-,adelemyers,,2023-06-28T21:31:54.000Z,515,synthetic,ellipsoid,,,,warm_start,False,5,0.0,True,sphere,"[2,2,3]",,3.0,0.001,false,false,0.615787444359464,352.2683255672455,0.12315748887189237,192.60000000000005,0.615787444359464,202.12683272361755,0.12315748887189237,60.000000000000014,0.6666666666666666,1280.0,
run_nnb4ff92,finished,-,adelemyers,,2023-06-28T21:25:53.000Z,359,synthetic,ellipsoid,,,,warm_start,False,5,0.0,True,sphere,"[10,10,2]",,2.0,0.001,false,false,48.325181531118815,244.1288695335388,1.0904027396520553,48.60000000000001,48.325181531118815,144.31461453437805,1.0904027396520553,60.00000000000001,5.0,320.0,
run_du09e3o1,finished,-,adelemyers,,2023-06-28T21:24:24.000Z,87,synthetic,ellipsoid,,,,warm_start,False,5,0.0,True,sphere,"[2,2,10]",,2.0,0.001,false,false,1.1936154186670482,36.70405411720276,0.6881201903115325,48.60000000000001,1.1936154186670482,1.238983154296875,0.6881201903115325,60.00000000000001,0.2,320.0,
run_8gjuradr,finished,-,adelemyers,,2023-06-28T21:23:10.000Z,73,synthetic,ellipsoid,,,,warm_start,False,5,0.0,True,sphere,"[2,2,3]",,2.0,0.001,false,false,0.17191635223823584,29.47413015365601,0.034383270447646774,48.60000000000001,0.17191635223823584,1.0147273540496826,0.034383270447646774,60.00000000000001,0.6666666666666666,320.0,
run_43acu8dl,finished,-,adelemyers,,2023-06-28T21:22:34.000Z,34,synthetic,ellipsoid,,,,warm_start,False,5,0.0,True,sphere,"[10,10,2]",,1.0,0.001,false,false,48.312705638797325,10.87555980682373,2.733326478989031,12.6,48.312705638797325,0.243720531463623,2.733326478989031,60.00000000000001,5.0,80.0,
run_ixnlip9m,finished,-,adelemyers,,2023-06-28T21:21:56.000Z,36,synthetic,ellipsoid,,,,warm_start,False,5,0.0,True,sphere,"[2,2,10]",,1.0,0.001,false,false,0.571979514498595,12.103895664215088,0.11439590289971806,12.6,0.571979514498595,0.8426909446716309,0.11439590289971806,60.00000000000001,0.2,80.0,
run_85g0tq1w,finished,-,adelemyers,,2023-06-28T21:21:21.000Z,33,synthetic,ellipsoid,,,,warm_start,False,5,0.0,True,sphere,"[2,2,3]",,1.0,0.001,false,false,3.270775792229773e-15,9.953501224517822,1.6353808411622836e-15,12.6,3.270775792229773e-15,0.2789425849914551,1.6353808411622836e-15,60.00000000000001,0.6666666666666666,80.0,
run_dv1e294v,finished,-,adelemyers,,2023-06-28T21:18:11.000Z,30,synthetic,ellipsoid,,,,warm_start,False,5,0.0,True,sphere,"[2,2,3]",,1.0,0.001,0,0,3.270775792229773e-15,9.589464902877808,1.6353808411622836e-15,12.6,3.270775792229773e-15,0.2577829360961914,1.6353808411622836e-15,60.00000000000001,0.6666666666666666,80.0,
run_r5vrd88h,finished,-,adelemyers,,2023-06-28T21:16:48.000Z,34,synthetic,ellipsoid,,,,warm_start,False,5,0.0,True,sphere,"[2,2,3]",,1.0,0.001,0,0,3.270775792229773e-15,12.964232444763184,1.6353808411622836e-15,12.6,3.270775792229773e-15,0.2726750373840332,1.6353808411622836e-15,60.00000000000001,0.6666666666666666,80.0,
run_8zu7mvoh,finished,-,adelemyers,,2023-06-28T21:15:18.000Z,36,synthetic,ellipsoid,,,,warm_start,False,5,0.0,True,sphere,"[2,2,3]",,1.0,0.001,0,0,3.270775792229773e-15,9.779431104660034,1.6353808411622836e-15,12.6,3.270775792229773e-15,0.2637207508087158,1.6353808411622836e-15,60.00000000000001,0.6666666666666666,80.0,
run_u9aw376n,finished,-,adelemyers,,2023-06-28T21:13:52.000Z,38,synthetic,ellipsoid,,,,warm_start,False,5,0.0,True,sphere,"[2,2,10]",,1.0,0.001,false,false,0.571979514498595,11.752192974090576,0.11439590289971806,12.6,0.571979514498595,0.2449827194213867,0.11439590289971806,60.00000000000001,0.2,80.0,
run_y67qs4ge,finished,-,adelemyers,,2023-06-28T21:13:16.000Z,34,synthetic,ellipsoid,,,,warm_start,False,5,0.0,True,sphere,"[2,2,3]",,1.0,0.001,false,false,3.270775792229773e-15,12.250779628753662,1.6353808411622836e-15,12.6,3.270775792229773e-15,0.2613041400909424,1.6353808411622836e-15,60.00000000000001,0.6666666666666666,80.0,
run_yqne9ce6,finished,-,adelemyers,,2023-06-28T21:08:59.000Z,88,synthetic,ellipsoid,,,,warm_start,False,5,0.0,True,sphere,"[2,2,10]",,2.0,0.001,false,false,1.1936154186670482,37.41371703147888,0.6881201903115325,48.60000000000001,1.1936154186670482,1.5124351978302002,0.6881201903115325,60.00000000000001,,320.0,
run_homlitzk,finished,-,adelemyers,,2023-06-28T21:07:43.000Z,74,synthetic,ellipsoid,,,,warm_start,False,5,0.0,True,sphere,"[2,2,3]",,2.0,0.001,false,false,0.17191635223823584,31.046593189239506,0.034383270447646774,48.60000000000001,0.17191635223823584,1.0846374034881592,0.034383270447646774,60.00000000000001,,320.0,
run_oc04bc9r,finished,-,adelemyers,,2023-06-28T21:07:06.000Z,35,synthetic,ellipsoid,,,,warm_start,False,5,0.0,True,sphere,"[10,10,2]",,1.0,0.001,false,false,48.312705638797325,13.164411544799805,2.733326478989031,12.6,48.312705638797325,0.2467191219329834,2.733326478989031,60.00000000000001,,80.0,
run_6it7gdwa,finished,-,adelemyers,,2023-06-28T21:06:29.000Z,35,synthetic,ellipsoid,,,,warm_start,False,5,0.0,True,sphere,"[2,2,10]",,1.0,0.001,false,false,0.571979514498595,11.814990043640137,0.11439590289971806,12.6,0.571979514498595,0.2335641384124756,0.11439590289971806,60.00000000000001,,80.0,
run_n363hlw8,finished,-,adelemyers,,2023-06-28T21:05:54.000Z,34,synthetic,ellipsoid,,,,warm_start,False,5,0.0,True,sphere,"[2,2,3]",,1.0,0.001,false,false,3.270775792229773e-15,9.828059911727903,1.6353808411622836e-15,12.6,3.270775792229773e-15,0.2650954723358154,1.6353808411622836e-15,60.00000000000001,,80.0,
run_sjje0vgv,finished,-,adelemyers,,2023-06-28T21:01:06.000Z,138,synthetic,ellipsoid,,,,warm_start,False,5,0.0,True,sphere,"[2,2,10]",,2.0,0.001,false,false,1.1936154186670482,85.97534823417664,0.6881201903115325,48.60000000000001,1.1936154186670482,48.84388566017151,0.6881201903115325,60.00000000000001,,,
run_royb6u59,finished,-,adelemyers,,2023-06-28T20:59:08.000Z,116,synthetic,ellipsoid,,,,warm_start,False,5,0.0,True,sphere,"[2,2,3]",,2.0,0.001,false,false,0.17191635223823584,72.57140874862671,0.034383270447646774,48.60000000000001,0.17191635223823584,44.086031675338745,0.034383270447646774,60.00000000000001,,,
run_hhnt8nea,finished,-,adelemyers,,2023-06-28T20:58:08.000Z,58,synthetic,ellipsoid,,,,warm_start,False,5,0.0,True,sphere,"[10,10,2]",,1.0,0.001,false,false,48.312705638797325,33.78904581069946,2.733326478989031,12.6,48.312705638797325,20.41780567169189,2.733326478989031,60.00000000000001,,,
run_l92u0stx,finished,-,adelemyers,,2023-06-28T20:57:18.000Z,48,synthetic,ellipsoid,,,,warm_start,False,5,0.0,True,sphere,"[2,2,10]",,1.0,0.001,false,false,0.571979514498595,22.956957578659058,0.11439590289971806,12.6,0.571979514498595,11.300370454788208,0.11439590289971806,60.00000000000001,,,
run_povg3o9w,finished,-,adelemyers,,2023-06-28T20:56:30.000Z,46,synthetic,ellipsoid,,,,warm_start,False,5,0.0,True,sphere,"[2,2,3]",,1.0,0.001,false,false,3.270775792229773e-15,20.88663911819458,1.6353808411622836e-15,12.6,3.270775792229773e-15,10.273597240447998,1.6353808411622836e-15,60.00000000000001,,,
run_oo6d1qet,finished,-,adelemyers,,2023-06-28T18:32:49.000Z,442,synthetic,ellipsoid,,,,warm_start,False,5,0.01,True,sphere,,,,,false,false,0.7325479238172539,217.98644495010376,0.3587150645800539,192.60000000000005,0.7325479238172539,10.017968893051147,0.3587150645800539,60.000000000000014,,,
run_uyukor3f,finished,-,adelemyers,,2023-06-28T18:22:10.000Z,637,synthetic,ellipsoid,,,,warm_start,False,5,0.001,True,sphere,,,,,false,false,0.10020895530867496,316.65293526649475,0.03844821402245977,192.60000000000005,0.10020895530867496,9.95567011833191,0.03844821402245977,60.000000000000014,,,
run_tp4haejy,finished,-,adelemyers,,2023-06-28T18:09:55.000Z,733,synthetic,ellipsoid,,,,warm_start,False,5,0.0001,True,sphere,,,,,false,false,0.07109506312733814,361.7276725769043,0.011034317286229722,192.60000000000005,0.07109506312733814,10.073114156723022,0.011034317286229722,60.000000000000014,,,
run_3t3ughdp,finished,-,adelemyers,,2023-06-28T17:56:58.000Z,775,synthetic,ellipsoid,,,,warm_start,False,5,0.0,True,sphere,,,,,false,false,0.07083378302034703,383.408341884613,0.010431084137940187,192.60000000000005,0.07083378302034703,10.058504104614258,0.010431084137940187,60.000000000000014,,,
run_n5minler,failed,-,adelemyers,,2023-06-27T20:14:10.000Z,2729,synthetic,ellipsoid,,,,warm_start,True,5,0.0,True,sphere,,,,,false,false,0.07083378302034703,,0.010431084137940187,192.60000000000005,0.07083378302034703,9.746287107467651,0.010431084137940187,60.000000000000014,,,
run_oqywox1e,finished,-,adelemyers,,2023-06-27T03:52:44.000Z,1232,synthetic,ellipsoid,,,,warm_start,False,30,0.01,True,sphere,,,,,0,0,4.314107278710915,1217.6659095287323,1.2320126026717315,1155.6000000000004,4.314107278710915,10.851696491241457,1.2320126026717315,60.000000000000014,,,
run_qtioceve,finished,-,adelemyers,,2023-06-27T03:33:47.000Z,1135,synthetic,ellipsoid,,,,warm_start,False,30,0.001,True,sphere,,,,,0,0,4.289922865567781,1121.622981548309,1.2139090804003116,1155.6000000000004,4.289922865567781,10.90135669708252,1.2139090804003116,60.000000000000014,,,
run_cfgwo0yu,finished,-,adelemyers,,2023-06-27T03:13:45.000Z,1200,synthetic,ellipsoid,,,,warm_start,False,30,0.0001,True,sphere,,,,,0,0,4.2897651824373675,1185.7464699745178,1.2141366367868736,1155.6000000000004,4.2897651824373675,10.82468032836914,1.2141366367868736,60.000000000000014,,,
run_u4cjg0bs,finished,-,adelemyers,,2023-06-27T02:53:11.000Z,1232,synthetic,ellipsoid,,,,warm_start,False,30,0.0,True,sphere,,,,,0,0,4.289809818671381,1220.187497138977,1.214175512111016,1155.6000000000004,4.289809818671381,11.291352272033691,1.214175512111016,60.000000000000014,,,
run_sgicd7yg,finished,-,adelemyers,,2023-06-27T02:39:21.000Z,828,synthetic,ellipsoid,,,,warm_start,False,20,0.01,True,sphere,,,,,0,0,3.540369474887694,815.0744683742523,0.9932807391044628,770.4000000000002,3.540369474887694,11.003114938735962,0.9932807391044628,60.000000000000014,,,
run_n4ae8izk,finished,-,adelemyers,,2023-06-27T02:26:00.000Z,799,synthetic,ellipsoid,,,,warm_start,False,20,0.001,True,sphere,,,,,0,0,3.5262738398570552,784.5746352672577,0.9732846626148336,770.4000000000002,3.5262738398570552,10.948676347732544,0.9732846626148336,60.000000000000014,,,
run_hr21hmdh,finished,-,adelemyers,,2023-06-27T02:12:27.000Z,811,synthetic,ellipsoid,,,,warm_start,False,20,0.0001,True,sphere,,,,,0,0,3.526552205916778,799.3968164920807,0.9726325514810509,770.4000000000002,3.526552205916778,11.006551504135132,0.9726325514810509,60.000000000000014,,,
run_q0wbde6m,finished,-,adelemyers,,2023-06-27T01:33:09.000Z,2356,synthetic,ellipsoid,,,,warm_start,False,20,0.0,True,sphere,,,,,0,0,3.5266785447479587,2343.611367702484,0.9727166068328492,770.4000000000002,3.5266785447479587,1574.2776067256927,0.9727166068328492,60.000000000000014,,,
run_38wbf7dx,finished,-,adelemyers,,2023-06-27T01:23:05.000Z,602,synthetic,ellipsoid,,,,warm_start,False,15,0.01,True,sphere,,,,,0,0,4.687408194672203,589.2280056476593,1.3042557975259694,577.8000000000002,4.687408194672203,10.941423892974854,1.3042557975259694,60.000000000000014,,,
run_wtzffvkt,finished,-,adelemyers,,2023-06-27T01:14:14.000Z,529,synthetic,ellipsoid,,,,warm_start,False,15,0.001,True,sphere,,,,,0,0,4.6745652711053385,515.461672782898,1.2880008220909538,577.8000000000002,4.6745652711053385,10.82599401473999,1.2880008220909538,60.000000000000014,,,
run_bmb3iyw4,finished,-,adelemyers,,2023-06-27T01:03:43.000Z,629,synthetic,ellipsoid,,,,warm_start,False,15,0.0001,True,sphere,,,,,0,0,4.671056561081195,615.6639311313629,1.2860523395007508,577.8000000000002,4.671056561081195,10.871297597885132,1.2860523395007508,60.000000000000014,,,
run_8gkv4han,finished,-,adelemyers,,2023-06-27T00:34:52.000Z,1730,synthetic,ellipsoid,,,,warm_start,False,15,0.0,True,sphere,,,,,0,0,4.671106506971695,1715.9646863937378,1.28612985680404,577.8000000000002,4.671106506971695,1191.5304145812988,1.28612985680404,60.000000000000014,,,
run_uk3yayjr,finished,-,adelemyers,,2023-06-27T00:28:01.000Z,409,synthetic,ellipsoid,,,,warm_start,False,10,0.01,True,sphere,,,,,0,0,3.7375816305317886,395.8335373401642,1.0234533682426732,385.2000000000001,3.7375816305317886,10.742158889770508,1.0234533682426732,60.000000000000014,,,
run_ps9p688s,finished,-,adelemyers,,2023-06-27T00:21:37.000Z,382,synthetic,ellipsoid,,,,warm_start,False,10,0.001,True,sphere,,,,,0,0,3.6884024798996777,369.42853450775146,0.9701892911472076,385.2000000000001,3.6884024798996777,10.780043840408323,0.9701892911472076,60.000000000000014,,,
run_alcc2ppi,finished,-,adelemyers,,2023-06-27T00:15:19.000Z,376,synthetic,ellipsoid,,,,warm_start,False,10,0.0001,True,sphere,,,,,0,0,3.688291645825273,363.2186844348908,0.9698857152693617,385.2000000000001,3.688291645825273,10.76890468597412,0.9698857152693617,60.000000000000014,,,
run_kxexpncp,finished,-,adelemyers,,2023-06-26T23:57:30.000Z,1067,synthetic,ellipsoid,,,,warm_start,False,10,0.0,True,sphere,,,,,0,0,3.6883510949679668,1054.3503198623655,0.9698789027439153,385.2000000000001,3.6883510949679668,689.1584966182709,0.9698789027439153,60.000000000000014,,,
run_kvpdievs,finished,-,adelemyers,,2023-06-26T23:53:46.000Z,222,synthetic,ellipsoid,,,,warm_start,False,5,0.01,True,sphere,,,,,0,0,0.766879233963855,209.3460075855255,0.37738955726216256,192.60000000000005,0.766879233963855,10.89306902885437,0.37738955726216256,60.000000000000014,,,
run_2zhk9v1s,finished,-,adelemyers,,2023-06-26T23:48:28.000Z,316,synthetic,ellipsoid,,,,warm_start,False,5,0.001,True,sphere,,,,,0,0,0.10197728059698358,301.4386975765228,0.037552573170972194,192.60000000000005,0.10197728059698358,11.119937896728516,0.037552573170972194,60.000000000000014,,,
run_wpds187i,finished,-,adelemyers,,2023-06-26T23:41:19.000Z,427,synthetic,ellipsoid,,,,warm_start,False,5,0.0001,True,sphere,,,,,0,0,0.07101139767966065,413.6689410209656,0.010946128964762786,192.60000000000005,0.07101139767966065,10.83597493171692,0.010946128964762786,60.000000000000014,,,
run_8px0ynut,finished,-,adelemyers,,2023-06-26T23:34:16.000Z,421,synthetic,ellipsoid,,,,warm_start,False,5,0.0,True,sphere,,,,,0,0,0.07083378302034703,405.90043592453,0.010431084137940194,192.60000000000005,0.07083378302034703,10.508662939071655,0.010431084137940194,60.000000000000014,,,
