"Name","State","Notes","User","Tags","Created","Runtime","dataset_name","end_shape","euclidean_subspace","full_run","use_parka","geodesic_initialization","geodesic_residuals","n_times","noise_factor","sped_up","start_shape","ellipse_dimensions","n_steps","n_subdivisions","tol_factor","euclidean_subspace_via_diffs","euclidean_subspace_via_ratio","geodesic_coef_err","geodesic_duration_time","geodesic_intercept_err","geodesic_tol","linear_coef_err","linear_duration_time","linear_intercept_err","mesh_diameter","ellipse_ratio_h_v","n_faces","test_diff_tolerance"
"run_6dyjvp0x","running","-","adelemyers","","2023-07-10T14:09:57.000Z","5041","synthetic","ellipsoid","false","","","random","false","10","0","true","sphere","[2,2,3]","3","4","0.001","","","","","","2362983.8400000017","277.32137824650687","128.00105047225952","71.79789983456124","60.000000000000014","0.6666666666666666","5120","0.06000000000000002"
"run_utuypg5i","finished","-","adelemyers","","2023-07-10T13:46:25.000Z","1267","synthetic","ellipsoid","false","true","","random","false","10","0","true","sphere","[10,10,2]","3","3","0.001","","","5602.496002032481","629.0832188129425","761.5292296786095","148379.04000000007","191.11571567059244","8.113730430603027","255.8791208785329","60.000000000000014","5","1280","0.06000000000000002"
"run_837v98za","finished","-","adelemyers","","2023-07-10T13:25:36.000Z","1246","synthetic","ellipsoid","false","true","","random","false","10","0","true","sphere","[2,2,10]","3","3","0.001","","","3998.64196969613","620.9694404602051","762.057278362885","148379.04000000007","745.6900485819268","8.099342107772827","152.0300868096785","60.000000000000014","0.2","1280","0.06000000000000002"
"run_dnc0o6yj","finished","-","adelemyers","","2023-07-10T12:42:33.000Z","2580","synthetic","ellipsoid","false","true","","random","false","10","0","true","sphere","[2,2,3]","3","3","0.001","","","1076.462686533244","1288.9280443191528","762.6554182318085","148379.04000000007","218.53224752799807","8.250939846038818","57.57377056290558","60.000000000000014","0.6666666666666666","1280","0.06000000000000002"
"run_hmnywdwb","finished","-","adelemyers","","2023-07-10T12:38:23.000Z","198","synthetic","ellipsoid","false","true","","random","false","10","0","true","sphere","[10,10,2]","3","2","0.001","","","2813.991952483668","94.71712470054626","384.06807157079544","9447.840000000004","1500.090641495878","0.5402064323425293","75.79181406685464","60.00000000000001","5","320","0.06000000000000001"
"run_019wga8f","finished","-","adelemyers","","2023-07-10T12:32:31.000Z","349","synthetic","ellipsoid","false","true","","random","false","10","0","true","sphere","[2,2,10]","3","2","0.001","","","2008.3272230300597","167.90429544448853","380.7768214056565","9447.840000000004","40.77175400655558","0.5536441802978516","14.938535661632152","60.00000000000001","0.2","320","0.06000000000000001"
"run_b055ubyg","finished","-","adelemyers","","2023-07-10T12:26:20.000Z","369","synthetic","ellipsoid","false","true","","random","false","10","0","true","sphere","[2,2,3]","3","2","0.001","","","541.1764493147483","176.91088438034058","382.9787802934956","9447.840000000004","50.22249868906619","0.5517523288726807","13.288981540678176","60.00000000000001","0.6666666666666666","320","0.06000000000000001"
"run_1ho49wfo","finished","-","adelemyers","","2023-07-10T12:24:34.000Z","78","synthetic","ellipsoid","false","true","","random","false","10","0","true","sphere","[10,10,2]","3","1","0.001","","","1431.7035444385592","31.573655128479004","196.66273196543816","635.0400000000002","764.8237318549935","0.07427263259887695","45.2287911716127","60.00000000000001","5","80","0.06000000000000001"
"run_d0dmlbvf","finished","-","adelemyers","","2023-07-10T12:23:14.000Z","77","synthetic","ellipsoid","false","true","","random","false","10","0","true","sphere","[2,2,10]","3","1","0.001","","","1023.1517236443336","32.89628314971924","197.06488313995752","635.0400000000002","18.708655224074825","0.07419443130493164","6.558690986868445","60.00000000000001","0.2","80","0.06000000000000001"
"run_vslnccbn","finished","-","adelemyers","","2023-07-10T12:21:50.000Z","81","synthetic","ellipsoid","false","true","","random","false","10","0","true","sphere","[2,2,3]","3","1","0.001","","","275.1921176385063","34.54751634597778","194.38574329057823","635.0400000000002","15.358122146183016","0.08331084251403809","4.095499238982127","60.00000000000001","0.6666666666666666","80","0.06000000000000001"
"run_2nqrs2tj","finished","-","adelemyers","","2023-07-10T10:57:07.000Z","5020","synthetic","ellipsoid","false","true","","random","false","5","0.01","true","sphere","[10,10,2]","3","4","0.001","","","11193.738257623245","2613.6847639083862","1522.2853469320112","590745.9600000004","1697.5108740107785","127.69264602661131","365.0052065924968","60.000000000000014","5","5120","0.06311069282203044"
"run_jxhyxu8p","finished","-","adelemyers","","2023-07-10T10:13:18.000Z","2627","synthetic","ellipsoid","false","true","","random","false","5","0.01","true","sphere","[2,2,10]","3","4","0.001","","","7985.404245695164","1405.6382281780243","1521.0086702950632","590745.9600000004","2798.449144604792","128.200932264328","130.05577502991642","60.000000000000014","0.2","5120","0.06302328760315669"
"run_at32lbh4","finished","-","adelemyers","","2023-07-10T09:39:05.000Z","2051","synthetic","ellipsoid","false","true","","random","false","5","0.01","true","sphere","[2,2,3]","3","4","0.001","","","2149.538653007963","1098.7815790176392","1520.4053112314173","590745.9600000004","133.72240174420665","128.12284421920776","45.89053302423058","60.000000000000014","0.6666666666666666","5120","0.0638587980830517"
"run_mau4ssiq","finished","-","adelemyers","","2023-07-10T09:20:05.000Z","1077","synthetic","ellipsoid","false","true","","random","false","5","0.01","true","sphere","[10,10,2]","3","3","0.001","","","5602.940790786191","541.1330986022949","761.8562874688344","37094.76000000002","228.3388959582309","8.142926216125488","418.68161778646066","60.000000000000014","5","1280","0.06250032161456871"
"run_g4q7hkb5","finished","-","adelemyers","","2023-07-10T09:11:02.000Z","541","synthetic","ellipsoid","false","true","","random","false","5","0.01","true","sphere","[2,2,10]","3","3","0.001","","","4000.42314263648","269.9236168861389","761.5459646230723","37094.76000000002","855.0330431948629","8.122119426727295","101.73532255569717","60.000000000000014","0.2","1280","0.06239562196551371"
"run_c2sl9lhg","finished","-","adelemyers","","2023-07-10T09:00:35.000Z","626","synthetic","ellipsoid","false","true","","random","false","5","0.01","true","sphere","[2,2,3]","3","3","0.001","","","1077.1740977327772","312.34425020217896","761.0286077592326","37094.76000000002","52.17281377196407","8.143299341201782","20.684178039569524","60.000000000000014","0.6666666666666666","1280","0.06236482637615139"
"run_myga5x3a","finished","-","adelemyers","","2023-07-10T08:57:44.000Z","141","synthetic","ellipsoid","false","true","","random","false","5","0.01","true","sphere","[10,10,2]","3","2","0.001","","","2814.608114084387","65.45941376686096","382.7881780754748","2361.960000000001","1438.38263265031","0.5543041229248047","31.38538705931797","60.00000000000001","5","320","0.06228819180100455"
"run_hb0h9pu0","finished","-","adelemyers","","2023-07-10T08:55:28.000Z","134","synthetic","ellipsoid","false","true","","random","false","5","0.01","true","sphere","[2,2,10]","3","2","0.001","","","2007.7937747674575","61.98827314376831","382.33907759492354","2361.960000000001","39.82810074237216","0.5392642021179199","23.488278643723145","60.00000000000001","0.2","320","0.06243379010180653"
"run_roqh5ppw","finished","-","adelemyers","","2023-07-10T08:51:02.000Z","264","synthetic","ellipsoid","false","true","","random","false","5","0.01","true","sphere","[2,2,3]","3","2","0.001","","","540.2860566413415","125.9749321937561","381.42276130583224","2361.960000000001","21.693935586683317","0.5428106784820557","10.086652604300385","60.00000000000001","0.6666666666666666","320","0.062335056400361126"
"run_0q448m0y","finished","-","adelemyers","","2023-07-10T08:50:09.000Z","32","synthetic","ellipsoid","false","true","","random","false","5","0.01","true","sphere","[10,10,2]","3","1","0.001","","","1432.5291536490847","9.866299390792848","194.1096268835379","158.76000000000005","742.3491553756195","0.07100272178649902","36.698855179419624","60.00000000000001","5","80","0.062304832234724536"
"run_i6om919r","finished","-","adelemyers","","2023-07-10T08:49:35.000Z","32","synthetic","ellipsoid","false","true","","random","false","5","0.01","true","sphere","[2,2,10]","3","1","0.001","","","1021.052588931056","10.726850271224976","194.34114752920303","158.76000000000005","14.748705273602503","0.0732114315032959","5.737503773028221","60.00000000000001","0.2","80","0.06152550471095304"
"run_7jtyzd07","finished","-","adelemyers","","2023-07-10T08:48:53.000Z","40","synthetic","ellipsoid","false","true","","random","false","5","0.01","true","sphere","[2,2,3]","3","1","0.001","","","274.81238630039843","14.127023220062256","194.29456777377848","158.76000000000005","10.674522444113553","0.07189750671386719","5.156452787760161","60.00000000000001","0.6666666666666666","80","0.06174073650995677"
"run_veljpu38","finished","-","adelemyers","","2023-07-10T08:18:18.000Z","1777","synthetic","ellipsoid","false","true","","random","false","5","0.001","true","sphere","[10,10,2]","3","4","0.001","","","11193.453273713694","967.5546684265136","1521.651676948099","590745.9600000004","1694.9242907408875","127.62455224990843","362.9405820365385","60.000000000000014","5","5120","0.060270776443358896"
"run_esgxd0kw","finished","-","adelemyers","","2023-07-10T07:58:00.000Z","1216","synthetic","ellipsoid","false","true","","random","false","5","0.001","true","sphere","[2,2,10]","3","4","0.001","","","7990.277098557745","683.7991833686829","1521.1316527008912","590745.9600000004","2797.0681778558906","127.3808732032776","123.14641226733316","60.000000000000014","0.2","5120","0.060310385580293696"
"run_qwi6xl4b","finished","-","adelemyers","","2023-07-10T06:48:37.000Z","4161","synthetic","ellipsoid","false","true","","random","false","5","0.001","true","sphere","[2,2,3]","3","4","0.001","","","2149.793744050458","2177.256987810135","1521.6765525102371","590745.9600000004","104.48770513786845","127.79335021972656","21.286125454062876","60.000000000000014","0.6666666666666666","5120","0.06024908476882065"
"run_jcnqu83q","finished","-","adelemyers","","2023-07-10T06:39:36.000Z","473","synthetic","ellipsoid","false","true","","random","false","5","0.001","true","sphere","[10,10,2]","3","3","0.001","","","5601.561958745152","235.13402271270752","759.5831041253782","37094.76000000002","223.97644986865663","8.092162609100342","417.92023894100765","60.000000000000014","5","1280","0.06027082192931504"
"run_bs3tzqyr","finished","-","adelemyers","","2023-07-10T06:25:55.000Z","819","synthetic","ellipsoid","false","true","","random","false","5","0.001","true","sphere","[2,2,10]","3","3","0.001","","","3997.356050685932","408.2723071575165","761.7445901019516","37094.76000000002","854.8022926292753","8.210667133331299","99.33209328067134","60.000000000000014","0.2","1280","0.06026378163813802"
"run_9hlz8rl7","finished","-","adelemyers","","2023-07-10T06:08:22.000Z","1052","synthetic","ellipsoid","false","true","","random","false","5","0.001","true","sphere","[2,2,3]","3","3","0.001","","","1077.162446557827","519.477597951889","760.5130301050708","37094.76000000002","33.766609754074274","8.126408815383911","6.98991055515634","60.000000000000014","0.6666666666666666","1280","0.0602560666354108"
"run_48yzqrxe","finished","-","adelemyers","","2023-07-10T06:04:41.000Z","192","synthetic","ellipsoid","false","true","","random","false","5","0.001","true","sphere","[10,10,2]","3","2","0.001","","","2814.682353067991","89.47127676010132","382.5747753576096","2361.960000000001","1437.6817332558578","0.5397186279296875","29.204561762948664","60.00000000000001","5","320","0.06025733450545338"
"run_ghecgq1o","finished","-","adelemyers","","2023-07-10T06:02:34.000Z","125","synthetic","ellipsoid","false","true","","random","false","5","0.001","true","sphere","[2,2,10]","3","2","0.001","","","2005.8585981326617","58.34476828575134","382.1711303202411","2361.960000000001","34.69820637220152","0.5417640209197998","20.899199227765926","60.00000000000001","0.2","320","0.060226603477458195"
"run_bq68unok","finished","-","adelemyers","","2023-07-10T06:00:00.000Z","152","synthetic","ellipsoid","false","true","","random","false","5","0.001","true","sphere","[2,2,3]","3","2","0.001","","","540.5582773475174","70.74401259422302","383.48416962500227","2361.960000000001","5.409754054478398","0.5483181476593018","1.4334298729376669","60.00000000000001","0.6666666666666666","320","0.06019826922144805"
"run_vtpv5b6t","finished","-","adelemyers","","2023-07-10T05:58:54.000Z","42","synthetic","ellipsoid","false","true","","random","false","5","0.001","true","sphere","[10,10,2]","3","1","0.001","","","1435.7209783409387","14.90969181060791","193.08349380474692","158.76000000000005","742.8838507326478","0.07270288467407227","36.59688794288814","60.00000000000001","5","80","0.060200368299179866"
"run_auxngis4","finished","-","adelemyers","","2023-07-10T05:58:12.000Z","40","synthetic","ellipsoid","false","true","","random","false","5","0.001","true","sphere","[2,2,10]","3","1","0.001","","","1023.262915370656","13.800333499908447","194.26973678685667","158.76000000000005","9.419161895194346","0.07206034660339355","1.9129635956318145","60.00000000000001","0.2","80","0.06012158982176044"
"run_xdxbez3s","finished","-","adelemyers","","2023-07-10T05:57:19.000Z","51","synthetic","ellipsoid","false","true","","random","false","5","0.001","true","sphere","[2,2,3]","3","1","0.001","","","274.2024330304092","18.86029362678528","194.04276164820965","158.76000000000005","1.1061676388446828","0.07692813873291016","0.5447865720244678","60.00000000000001","0.6666666666666666","80","0.060157157781867705"
"run_yiizuq47","finished","-","adelemyers","","2023-07-10T04:55:46.000Z","3631","synthetic","ellipsoid","false","true","","random","false","5","0.0001","true","sphere","[10,10,2]","3","4","0.001","","","11193.733998560909","1895.345935344696","1519.9252488265108","590745.9600000004","1694.7976456744304","127.50433921813963","362.9409880213841","60.000000000000014","5","5120","0.06002877523306057"
"run_7qwvv9b9","finished","-","adelemyers","","2023-07-10T04:39:46.000Z","959","synthetic","ellipsoid","false","true","","random","false","5","0.0001","true","sphere","[2,2,10]","3","4","0.001","","","7987.988540523804","556.3257455825806","1520.5390584752072","590745.9600000004","2797.045226472814","127.34117007255554","123.01837089489932","60.000000000000014","0.2","5120","0.06002515504742231"
"run_gspk9j75","finished","-","adelemyers","","2023-07-10T03:50:50.000Z","2934","synthetic","ellipsoid","false","true","","random","false","5","0.0001","true","sphere","[2,2,3]","3","4","0.001","","","2147.736970158464","1549.5762717723846","1520.7871490934908","590745.9600000004","104.07690909505232","126.1376097202301","20.81527075736094","60.000000000000014","0.6666666666666666","5120","0.06002590799823433"
"run_esvakdto","finished","-","adelemyers","","2023-07-10T03:41:19.000Z","509","synthetic","ellipsoid","false","true","","random","false","5","0.0001","true","sphere","[10,10,2]","3","3","0.001","","","5602.534454540165","252.61985063552856","762.9281425385036","37094.76000000002","223.86523088555165","8.137208700180054","417.87834645033297","60.000000000000014","5","1280","0.06001933771944367"
"run_gwcdmnd2","finished","-","adelemyers","","2023-07-10T03:32:38.000Z","519","synthetic","ellipsoid","false","true","","random","false","5","0.0001","true","sphere","[2,2,10]","3","3","0.001","","","3997.96264388486","257.1085548400879","762.284822090391","37094.76000000002","854.8111770065758","8.079598426818848","99.27873904933692","60.000000000000014","0.2","1280","0.06002074714753761"
"run_j323156z","finished","-","adelemyers","","2023-07-10T03:13:37.000Z","1139","synthetic","ellipsoid","false","true","","random","false","5","0.0001","true","sphere","[2,2,3]","3","3","0.001","","","1076.7818305362557","569.9950580596924","760.5306256231075","37094.76000000002","33.62154154164487","8.056242227554321","6.72309768471112","60.000000000000014","0.6666666666666666","1280","0.06002413701535319"
"run_7bh8953f","finished","-","adelemyers","","2023-07-10T03:11:32.000Z","97","synthetic","ellipsoid","false","true","","random","false","5","0.0001","true","sphere","[10,10,2]","3","2","0.001","","","2812.0151765107307","42.89243292808533","382.34035435311256","2361.960000000001","1437.7092886982728","0.5419299602508545","29.21063356254059","60.00000000000001","5","320","0.06002206136872093"
"run_0it105x8","finished","-","adelemyers","","2023-07-10T03:09:38.000Z","113","synthetic","ellipsoid","false","true","","random","false","5","0.0001","true","sphere","[2,2,10]","3","2","0.001","","","2007.2862023106231","50.25917863845825","383.799084967567","2361.960000000001","34.58470798142758","0.5376710891723633","20.823432582724948","60.00000000000001","0.2","320","0.06001426631402754"
"run_da78o7m0","finished","-","adelemyers","","2023-07-10T03:07:57.000Z","99","synthetic","ellipsoid","false","true","","random","false","5","0.0001","true","sphere","[2,2,3]","3","2","0.001","","","538.5069332544747","43.48901462554931","382.87583225977176","2361.960000000001","5.026135781057686","0.5476024150848389","1.015734204704201","60.00000000000001","0.6666666666666666","320","0.060027147620251305"
"run_y6kwbtzg","finished","-","adelemyers","","2023-07-10T03:06:58.000Z","39","synthetic","ellipsoid","false","true","","random","false","5","0.0001","true","sphere","[10,10,2]","3","1","0.001","","","1433.6671487647302","12.596969366073608","194.63931019335524","158.76000000000005","742.7902244516318","0.07199501991271973","36.570981831722854","60.00000000000001","5","80","0.06000957812269243"
"run_ora8kxa6","finished","-","adelemyers","","2023-07-10T03:06:16.000Z","40","synthetic","ellipsoid","false","true","","random","false","5","0.0001","true","sphere","[2,2,10]","3","1","0.001","","","1023.7756834732472","14.382215023040771","194.7755546436443","158.76000000000005","9.428647466305296","0.07005190849304199","1.882114835810574","60.00000000000001","0.2","80","0.06001548431838038"
"run_c9hvqrz7","finished","-","adelemyers","","2023-07-10T03:05:29.000Z","45","synthetic","ellipsoid","false","true","","random","false","5","0.0001","true","sphere","[2,2,3]","3","1","0.001","","","276.496362066036","16.41464114189148","195.10531256447177","158.76000000000005","0.11549221658863056","0.0732259750366211","0.05659242909999323","60.00000000000001","0.6666666666666666","80","0.06001684720733864"
"run_29uxaf5v","finished","-","adelemyers","","2023-07-10T02:11:30.000Z","3181","synthetic","ellipsoid","false","true","","random","false","5","0","true","sphere","[10,10,2]","3","4","0.001","","","11193.18990528582","1665.5513050556185","1521.6610785306843","590745.9600000004","1694.7957342607829","127.1159930229187","362.9435123560961","60.000000000000014","5","5120","0.06000000000000002"
"run_w1jtk8sq","finished","-","adelemyers","","2023-07-10T00:58:56.000Z","4352","synthetic","ellipsoid","false","true","","random","false","5","0","true","sphere","[2,2,10]","3","4","0.001","","","7987.248233576475","2252.5840363502502","1520.6537404274388","590745.9600000004","2797.0645844524793","126.3696014881134","123.0259510945526","60.000000000000014","0.2","5120","0.06000000000000002"
"run_8vdzajtg","finished","-","adelemyers","","2023-07-10T00:01:06.000Z","3468","synthetic","ellipsoid","false","true","","random","false","5","0","true","sphere","[2,2,3]","3","4","0.001","","","2148.020436245558","1806.0903539657593","1520.5586050354204","590745.9600000004","104.08439271521443","127.72468137741087","20.81687854304286","60.000000000000014","0.6666666666666666","5120","0.06000000000000002"
"run_n5codjx3","finished","-","adelemyers","","2023-07-09T23:46:56.000Z","789","synthetic","ellipsoid","false","true","","random","false","5","0","true","sphere","[10,10,2]","3","3","0.001","","","5603.447345233166","390.7819764614105","761.4502937892479","37094.76000000002","223.88194849199996","8.143511533737183","417.88232427019346","60.000000000000014","5","1280","0.06000000000000002"
"run_8stgwg7u","finished","-","adelemyers","","2023-07-09T23:37:38.000Z","557","synthetic","ellipsoid","false","true","","random","false","5","0","true","sphere","[2,2,10]","3","3","0.001","","","4000.206495364868","276.7693829536438","761.1776722709901","37094.76000000002","854.8005979914681","8.127165794372559","99.28757096631136","60.000000000000014","0.2","1280","0.06000000000000002"
"run_oy9rsqq6","finished","-","adelemyers","","2023-07-09T23:29:05.000Z","511","synthetic","ellipsoid","false","true","","random","false","5","0","true","sphere","[2,2,3]","3","3","0.001","","","1075.8676596538478","256.95143365859985","760.6806096618543","37094.76000000002","33.634043247787986","7.890064001083374","6.726808649557578","60.000000000000014","0.6666666666666666","1280","0.06000000000000002"
"run_0ff6z4n6","finished","-","adelemyers","","2023-07-09T23:24:37.000Z","240","synthetic","ellipsoid","false","true","","random","false","5","0","true","sphere","[10,10,2]","3","2","0.001","","","2815.7435447302796","113.95639085769652","382.7048626811393","2361.960000000001","1437.7106569859752","0.5431318283081055","29.209602702639856","60.00000000000001","5","320","0.06000000000000001"
"run_yzz6771e","finished","-","adelemyers","","2023-07-09T23:21:46.000Z","169","synthetic","ellipsoid","false","true","","random","false","5","0","true","sphere","[2,2,10]","3","2","0.001","","","2006.9296404457432","79.26858687400818","381.3008566786746","2361.960000000001","34.58967841707795","0.5385370254516602","20.820471601453832","60.00000000000001","0.2","320","0.06000000000000001"
"run_p67a4hw7","finished","-","adelemyers","","2023-07-09T23:19:36.000Z","128","synthetic","ellipsoid","false","true","","random","false","5","0","true","sphere","[2,2,3]","3","2","0.001","","","539.7356648448064","58.330119132995605","386.04493385183457","2361.960000000001","4.999999999999925","0.5383281707763672","0.9999999999999756","60.00000000000001","0.6666666666666666","320","0.06000000000000001"
"run_snenxsk2","finished","-","adelemyers","","2023-07-09T23:18:41.000Z","33","synthetic","ellipsoid","false","true","","random","false","5","0","true","sphere","[10,10,2]","3","1","0.001","","","1433.12397175376","10.553019762039185","192.4587509115349","158.76000000000005","742.7724386461261","0.07081866264343262","36.56703862273717","60.00000000000001","5","80","0.06000000000000001"
"run_xbzntntn","finished","-","adelemyers","","2023-07-09T23:17:45.000Z","54","synthetic","ellipsoid","false","true","","random","false","5","0","true","sphere","[2,2,10]","3","1","0.001","","","1021.9181054866856","21.092673301696777","194.67886278707903","158.76000000000005","9.427840414751325","0.07060456275939941","1.8855680829502628","60.00000000000001","0.2","80","0.06000000000000001"
"run_tarbnjpe","finished","-","adelemyers","","2023-07-09T23:16:45.000Z","58","synthetic","ellipsoid","false","true","","random","false","5","0","true","sphere","[2,2,3]","3","1","0.001","","","275.7083630148846","21.244091033935547","193.9141798086487","158.76000000000005","5.024295868799918e-14","0.1156015396118164","2.8198790621291724e-14","60.00000000000001","0.6666666666666666","80","0.06000000000000001"
"run_2y6js3p1","finished","-","adelemyers","","2023-07-08T18:17:07.000Z","12737","real","","true","true","","random","false","","","true","","","5","","0.5","","","60.77766827385467","3792.090088129043","70.90485399499607","592503064.6028886","7.38852966191067","19.04961109161377","4.19914624162314","4.108250774652815","","2386","2.0541253873264074"
"run_vo3lqb29","finished","-","adelemyers","","2023-07-08T16:56:35.000Z","4830","real","","true","true","","random","false","","","true","","","3","","0.5","","","60.57649577335369","2427.1492218971252","71.1291488970275","592503064.6028886","7.38852966191067","19.039974451065063","4.19914624162314","4.108250774652815","","2386","2.0541253873264074"
"run_a9bi35k5","finished","-","adelemyers","","2023-07-08T14:55:57.000Z","7236","real","","false","true","","random","false","","","true","","","5","","0.1","","","59.365076478078414","3636.8697028160095","71.02492197543272","23700122.584115554","7.38852966191067","18.948660135269165","4.19914624162314","4.108250774652815","","2386","0.4108250774652815"
"run_kcdyclic","finished","-","adelemyers","","2023-07-08T12:19:16.000Z","9394","real","","false","true","","random","false","","","true","","","3","","0.1","","","59.87315801330277","4683.1420838832855","71.82748563421406","23700122.584115554","7.38852966191067","19.022472143173218","4.19914624162314","4.108250774652815","","2386","0.4108250774652815"
"run_x8il3mg2","finished","-","adelemyers","","2023-07-08T10:00:56.000Z","8298","real","","false","true","","random","false","","","true","","","5","","0.01","","","60.117033416910864","4163.345733642578","72.30850898210115","237001.2258411555","7.38852966191067","19.332955837249756","4.19914624162314","4.108250774652815","","2386","0.04108250774652815"
"run_op3gbfp4","finished","-","adelemyers","","2023-07-08T08:04:48.000Z","6966","real","","false","true","","random","false","","","true","","","3","","0.01","","","59.887204050766385","3475.6370697021484","71.15427070643771","237001.2258411555","7.38852966191067","18.778412580490112","4.19914624162314","4.108250774652815","","2386","0.04108250774652815"
"run_01ch4y2w","finished","-","adelemyers","","2023-07-08T04:43:00.000Z","12106","real","","false","true","","random","false","","","true","","","5","","0.001","","","60.972012735645734","7965.916487932205","70.6567174484306","2370.0122584115543","7.38852966191067","19.911495447158813","4.19914624162314","4.108250774652815","","2386","0.004108250774652815"
"run_3k39uhyo","finished","-","adelemyers","","2023-07-08T02:49:16.000Z","6822","real","","false","true","","random","false","","","true","","","3","","0.001","","","60.489761971163794","3420.2541172504425","73.35185868923293","2370.0122584115543","7.38852966191067","20.629398822784424","4.19914624162314","4.108250774652815","","2386","0.004108250774652815"
"run_8hj01nx7","finished","-","adelemyers","","2023-07-08T00:50:34.000Z","7121","real","","true","true","","warm_start","false","","","true","","","5","","0.5","","","7.38852966191067","3572.051342010498","4.19914624162314","592503064.6028886","7.38852966191067","19.972272157669067","4.19914624162314","4.108250774652815","","2386","2.0541253873264074"
"run_w45km356","finished","-","adelemyers","","2023-07-08T00:36:04.000Z","868","real","","true","true","","warm_start","false","","","true","","","3","","0.5","","","7.38852966191067","443.0682988166809","4.19914624162314","592503064.6028886","7.38852966191067","19.79858112335205","4.19914624162314","4.108250774652815","","2386","2.0541253873264074"
"run_0tn67ykv","finished","-","adelemyers","","2023-07-07T22:36:08.000Z","7194","real","","false","true","","warm_start","false","","","true","","","5","","0.1","","","7.38852966191067","3584.278998851776","4.19914624162314","23700122.584115554","7.38852966191067","20.65697479248047","4.19914624162314","4.108250774652815","","2386","0.4108250774652815"
"run_hkduai5t","finished","-","adelemyers","","2023-07-07T22:21:39.000Z","867","real","","false","true","","warm_start","false","","","true","","","3","","0.1","","","7.38852966191067","437.7129805088043","4.19914624162314","23700122.584115554","7.38852966191067","20.90177822113037","4.19914624162314","4.108250774652815","","2386","0.4108250774652815"
"run_rnphrhw1","finished","-","adelemyers","","2023-07-07T20:23:09.000Z","7108","real","","false","true","","warm_start","false","","","true","","","5","","0.01","","","7.38852966191067","3543.210116147995","4.19914624162314","237001.2258411555","7.38852966191067","19.95794892311096","4.19914624162314","4.108250774652815","","2386","0.04108250774652815"
"run_5bx8eemd","finished","-","adelemyers","","2023-07-07T20:08:45.000Z","862","real","","false","true","","warm_start","false","","","true","","","3","","0.01","","","7.38852966191067","443.1920735836029","4.19914624162314","237001.2258411555","7.38852966191067","21.099008321762085","4.19914624162314","4.108250774652815","","2386","0.04108250774652815"
"run_2f6cdaf0","finished","-","adelemyers","","2023-07-07T18:26:45.000Z","6118","real","","false","true","","warm_start","false","","","true","","","5","","0.001","","","7.38852966191067","2499.015590906143","4.19914624162314","2370.0122584115543","7.38852966191067","19.041342735290527","4.19914624162314","4.108250774652815","","2386","0.004108250774652815"
"run_obbz3jta","finished","-","adelemyers","","2023-07-07T18:20:35.000Z","368","real","","false","true","","warm_start","false","","","true","","","3","","0.001","","","7.38852966191067","190.3481433391571","4.19914624162314","2370.0122584115543","7.38852966191067","18.17077612876892","4.19914624162314","4.108250774652815","","2386","0.004108250774652815"
"run_iefgn7q3","finished","-","adelemyers","","2023-07-07T18:04:44.000Z","575","synthetic","ellipsoid","false","true","","warm_start","false","5","0","true","sphere","[2,2,3]","3","4","0.001","","","1.2110988266645182e-8","432.0982360839844","5.656765765270482e-9","430653804840000.1","1.2110988266645182e-8","260.5246000289917","5.656765765270482e-9","1620000.0000000002","0.6666666666666666","5120","1620.0000000000002"
"run_ijkw50rh","finished","-","adelemyers","","2023-07-07T17:56:38.000Z","423","synthetic","ellipsoid","false","true","","warm_start","false","5","0","true","sphere","[10,10,2]","3","3","0.001","","","24565.090452374665","262.0579674243927","3411.2454132369976","30046755600.00001","24565.090452374665","112.8525493144989","3411.2454132369976","54000.00000000001","5","1280","54.00000000000001"
"run_ctkcg2xc","finished","-","adelemyers","","2023-07-07T17:48:49.000Z","467","synthetic","ellipsoid","false","true","","warm_start","false","5","0","true","sphere","[2,2,10]","3","3","0.001","","","16934.410363710078","314.1777415275574","3386.8820727420066","30046755600.00001","16934.410363710078","174.8339297771454","3386.8820727420066","54000.00000000001","0.2","1280","54.00000000000001"
"run_nwkqq7oh","finished","-","adelemyers","","2023-07-07T17:39:57.000Z","530","synthetic","ellipsoid","false","true","","warm_start","false","5","0","true","sphere","[2,2,3]","3","3","0.001","","","1.9805278247796615e-10","347.13245129585266","8.633495525982123e-11","30046755600.00001","1.9805278247796615e-10","174.72143125534058","8.633495525982123e-11","54000.00000000001","0.6666666666666666","1280","54.00000000000001"
"run_wxl5wxwq","finished","-","adelemyers","","2023-07-07T17:34:14.000Z","315","synthetic","ellipsoid","false","true","","warm_start","false","5","0","true","sphere","[10,10,2]","3","2","0.001","","","46449.87068315899","239.85861444473267","3450.211125728222","2125764","46449.87068315899","176.2245590686798","3450.211125728222","1800.0000000000002","5","320","1.8000000000000005"
"run_pqdho37i","finished","-","adelemyers","","2023-07-07T17:32:00.000Z","133","synthetic","ellipsoid","false","true","","warm_start","false","5","0","true","sphere","[2,2,10]","3","2","0.001","","","510.53557423249225","81.44492840766907","102.10711484649838","2125764","510.53557423249225","43.17907738685608","102.10711484649838","1800.0000000000002","0.2","320","1.8000000000000005"
"run_640q2l4p","finished","-","adelemyers","","2023-07-07T17:29:46.000Z","132","synthetic","ellipsoid","false","true","","warm_start","false","5","0","true","sphere","[2,2,3]","3","2","0.001","","","3.18018481509611e-12","79.39423751831055","1.5814325414843956e-12","2125764","3.18018481509611e-12","39.87753915786743","1.5814325414843956e-12","1800.0000000000002","0.6666666666666666","320","1.8000000000000005"
"run_imzzaxdo","finished","-","adelemyers","","2023-07-07T17:28:51.000Z","30","synthetic","ellipsoid","false","true","","warm_start","false","5","0","true","sphere","[10,10,2]","3","1","0.001","","","1256.972988951852","10.08539080619812","107.44910495872492","158.76000000000005","1256.972988951852","0.07022571563720703","107.44910495872492","60.00000000000001","5","80","0.06000000000000001"
"run_e46cukz3","finished","-","adelemyers","","2023-07-07T17:28:11.000Z","38","synthetic","ellipsoid","false","true","","warm_start","false","5","0","true","sphere","[2,2,10]","3","1","0.001","","","58.93866471289089","12.587037324905396","11.039520066212823","158.76000000000005","58.93866471289089","0.07114219665527344","11.039520066212823","60.00000000000001","0.2","80","0.06000000000000001"
"run_pls4owbe","finished","-","adelemyers","","2023-07-07T17:27:37.000Z","32","synthetic","ellipsoid","false","true","","warm_start","false","5","0","true","sphere","[2,2,3]","3","1","0.001","","","5.024295868799918e-14","10.164772510528564","2.8198790621291724e-14","158.76000000000005","5.024295868799918e-14","0.09827613830566406","2.8198790621291724e-14","60.00000000000001","0.6666666666666666","80","0.06000000000000001"
"run_1mgnef3w","finished","-","adelemyers","","2023-07-06T23:49:48.000Z","32","synthetic","ellipsoid","false","true","","warm_start","false","5","0","true","sphere","[2,2,3]","3","1","0.001","","","5.024295868799918e-14","10.094483852386476","2.8198790621291724e-14","158.76000000000005","5.024295868799918e-14","0.09505152702331544","2.8198790621291724e-14","60.00000000000001","0.6666666666666666","80","0.06000000000000001"
"logical-universe-492","finished","-","adelemyers","","2023-07-06T23:49:30.000Z","2","","","","","","","","","","","","","","","","","","","","","","","","","","","",""
"run_e24gxzea","finished","-","adelemyers","","2023-07-06T19:23:40.000Z","11705","synthetic","ellipsoid","","true","","warm_start","false","10","0.0001","true","sphere","[2,2,10]","3","3","0.001","false","false","745.6901361230233","9499.591145038605","152.0309091062548","148379.04000000007","745.6901361230233","7364.071561098099","152.0309091062548","60.000000000000014","0.2","1280","0.06002620512055959"
"run_gs4mvafz","finished","-","adelemyers","","2023-07-06T16:04:54.000Z","11924","synthetic","ellipsoid","","true","","warm_start","false","10","0.0001","true","sphere","[2,2,3]","3","3","0.001","false","false","218.53942615049272","11511.602937936785","57.57587833502879","148379.04000000007","218.53942615049272","11105.041873455048","57.57587833502879","60.000000000000014","0.6666666666666666","1280","0.060024614220576075"
"run_yy15k042","finished","-","adelemyers","","2023-07-06T15:18:22.000Z","2743","synthetic","ellipsoid","","true","","warm_start","false","10","0.0001","true","sphere","[10,10,2]","3","2","0.001","false","false","1500.0872981603686","2533.9773647785187","75.789238557063","9447.840000000004","1500.0872981603686","2339.1063899993896","75.789238557063","60.00000000000001","5","320","0.06002057957018645"
"run_jy8a04xu","finished","-","adelemyers","","2023-07-06T14:38:19.000Z","2401","synthetic","ellipsoid","","true","","warm_start","false","10","0.0001","true","sphere","[2,2,10]","3","2","0.001","false","false","40.77143510942608","2201.01882648468","14.9401404083729","9447.840000000004","40.77143510942608","2010.596667289734","14.9401404083729","60.00000000000001","0.2","320","0.06001866396326769"
"run_8ceo7vkp","finished","-","adelemyers","","2023-07-06T14:08:36.000Z","1777","synthetic","ellipsoid","","true","","warm_start","false","10","0.0001","true","sphere","[2,2,3]","3","2","0.001","false","false","50.22367369207361","1691.0670034885406","13.28740088012821","9447.840000000004","50.22367369207361","1622.5094907283783","13.28740088012821","60.00000000000001","0.6666666666666666","320","0.06001574170347327"
"run_prfdwwo3","finished","-","adelemyers","","2023-07-06T14:00:25.000Z","464","synthetic","ellipsoid","","true","","warm_start","false","10","0.0001","true","sphere","[10,10,2]","3","1","0.001","false","false","764.8306897931595","412.1970374584198","45.23016079118875","635.0400000000002","764.8306897931595","373.0913507938385","45.23016079118875","60.00000000000001","5","80","0.06000898785785962"
"run_e68g3d5k","finished","-","adelemyers","","2023-07-06T13:42:31.000Z","1073","synthetic","ellipsoid","","true","","warm_start","false","10","0.0001","true","sphere","[2,2,10]","3","1","0.001","false","false","18.71578670634801","1033.1023626327517","6.560722317153964","635.0400000000002","18.71578670634801","1010.368772506714","6.560722317153964","60.00000000000001","0.2","80","0.06002100868391574"
"run_4645llac","finished","-","adelemyers","","2023-07-06T13:36:42.000Z","347","synthetic","ellipsoid","","true","","warm_start","false","10","0.0001","true","sphere","[2,2,3]","3","1","0.001","false","false","15.355082991682169","316.286913394928","4.096624510172609","635.0400000000002","15.355082991682169","298.33887004852295","4.096624510172609","60.00000000000001","0.6666666666666666","80","0.060015083800834486"
"run_sx2a8wgv","finished","-","adelemyers","","2023-07-05T23:54:03.000Z","49240","synthetic","ellipsoid","","true","","warm_start","false","10","0","true","sphere","[10,10,2]","3","4","0.001","false","false","1841.5346253999408","43153.44240641594","351.96691299940017","2362983.8400000017","1841.5346253999408","37103.60623908043","351.96691299940017","60.000000000000014","5","5120","0.06000000000000002"
"run_l0j1bos8","finished","-","adelemyers","","2023-07-05T11:17:19.000Z","45402","synthetic","ellipsoid","","true","","warm_start","false","10","0","true","sphere","[2,2,10]","3","4","0.001","false","false","2541.7757388787204","35868.072412252426","171.4734115201197","2362983.8400000017","2541.7757388787204","28386.356034994125","171.4734115201197","60.000000000000014","0.2","5120","0.06000000000000002"
"run_wv8qyvwk","finished","-","adelemyers","","2023-07-04T21:42:37.000Z","48880","synthetic","ellipsoid","","true","","warm_start","false","10","0","true","sphere","[2,2,3]","3","4","0.001","false","false","277.32137824650687","46319.23036813736","71.79789983456124","2362983.8400000017","277.32137824650687","43791.77521944046","71.79789983456124","60.000000000000014","0.6666666666666666","5120","0.06000000000000002"
"run_3lpwb0s5","finished","-","adelemyers","","2023-07-04T20:22:18.000Z","4673","synthetic","ellipsoid","","true","","warm_start","false","10","0","true","sphere","[10,10,2]","3","3","0.001","false","false","191.11571567059244","4248.847982406616","255.8791208785329","148379.04000000007","191.11571567059244","3837.123554944992","255.8791208785329","60.000000000000014","5","1280","0.06000000000000002"
"run_99jp9gcm","finished","-","adelemyers","","2023-07-04T18:29:59.000Z","6737","synthetic","ellipsoid","","true","","warm_start","false","10","0","true","sphere","[2,2,10]","3","3","0.001","false","false","745.6900485819268","5765.326120853424","152.0300868096785","148379.04000000007","745.6900485819268","4801.615156650543","152.0300868096785","60.000000000000014","0.2","1280","0.06000000000000002"
"run_4tv74s1e","finished","-","adelemyers","","2023-07-04T16:16:23.000Z","2071","synthetic","ellipsoid","","true","","warm_start","false","10","0","true","sphere","[10,10,2]","3","2","0.001","false","false","1500.090641495878","1867.6060976982117","75.79181406685464","9447.840000000004","1500.090641495878","1678.858787536621","75.79181406685464","60.00000000000001","5","320","0.06000000000000001"
"run_c37idpbb","finished","-","adelemyers","","2023-07-04T15:14:09.000Z","3732","synthetic","ellipsoid","","true","","warm_start","false","10","0","true","sphere","[2,2,10]","3","2","0.001","false","false","40.77175400655558","3530.0078978538513","14.938535661632152","9447.840000000004","40.77175400655558","3342.0181431770325","14.938535661632152","60.00000000000001","0.2","320","0.06000000000000001"
"run_3200wflw","finished","-","adelemyers","","2023-07-04T15:04:30.000Z","436","synthetic","ellipsoid","","true","","warm_start","false","10","0","true","sphere","[10,10,2]","3","1","0.001","false","false","764.8237318549935","385.5088391304016","45.2287911716127","635.0400000000002","764.8237318549935","348.5724425315857","45.2287911716127","60.00000000000001","5","80","0.06000000000000001"
"run_f1o9u3cy","finished","-","adelemyers","","2023-07-04T14:53:15.000Z","673","synthetic","ellipsoid","","true","","warm_start","false","10","0","true","sphere","[2,2,10]","3","1","0.001","false","false","18.708655224074825","635.2927711009979","6.558690986868445","635.0400000000002","18.708655224074825","611.7760531902313","6.558690986868445","60.00000000000001","0.2","80","0.06000000000000001"
"run_eqs2tr4i","finished","-","adelemyers","","2023-07-04T09:40:16.000Z","18559","synthetic","ellipsoid","","true","","warm_start","false","5","0.01","true","sphere","[10,10,2]","3","4","0.001","false","false","1696.708451481869","16126.917132377625","364.88845892686066","590745.9600000004","1696.708451481869","13691.30258512497","364.88845892686066","60.000000000000014","5","5120","0.06335880427966394"
"run_unpo1m0f","finished","-","adelemyers","","2023-07-04T05:04:05.000Z","16570","synthetic","ellipsoid","","true","","warm_start","false","5","0.01","true","sphere","[2,2,10]","3","4","0.001","false","false","2798.014595405566","15718.86191034317","129.22732860929668","590745.9600000004","2798.014595405566","14892.236817121506","129.22732860929668","60.000000000000014","0.2","5120","0.06368268369842447"
"run_2ztbcyqx","finished","-","adelemyers","","2023-07-03T17:46:01.000Z","40682","synthetic","ellipsoid","","true","","warm_start","false","5","0.01","true","sphere","[2,2,3]","3","4","0.001","false","false","133.63302031061303","39030.498975515366","46.19824491341025","590745.9600000004","133.63302031061303","37360.67788696289","46.19824491341025","60.000000000000014","0.6666666666666666","5120","0.06322062454340933"
"run_afd5yjgv","finished","-","adelemyers","","2023-07-03T16:58:51.000Z","2765","synthetic","ellipsoid","","true","","warm_start","false","5","0.01","true","sphere","[10,10,2]","3","3","0.001","false","false","227.02196100627268","2355.254793405533","417.95333135292134","37094.76000000002","227.02196100627268","1958.792839050293","417.95333135292134","60.000000000000014","5","1280","0.0626435109564714"
"run_yf2x9u1d","finished","-","adelemyers","","2023-07-03T15:40:50.000Z","4679","synthetic","ellipsoid","","true","","warm_start","false","5","0.01","true","sphere","[2,2,10]","3","3","0.001","false","false","854.7621079974614","4051.799040794373","101.67763853170447","37094.76000000002","854.7621079974614","3435.464460372925","101.67763853170447","60.000000000000014","0.2","1280","0.06250808536744669"
"run_ukopajc6","finished","-","adelemyers","","2023-07-03T13:06:41.000Z","9247","synthetic","ellipsoid","","true","","warm_start","false","5","0.01","true","sphere","[2,2,3]","3","3","0.001","false","false","52.890703723694536","8941.298023700714","21.69478630466","37094.76000000002","52.890703723694536","8651.907299280167","21.69478630466","60.000000000000014","0.6666666666666666","1280","0.06279726961864195"
"run_ui59vyt4","finished","-","adelemyers","","2023-07-03T12:31:46.000Z","2065","synthetic","ellipsoid","","true","","warm_start","false","5","0.01","true","sphere","[10,10,2]","3","2","0.001","false","false","1437.705708275897","1980.3062720298767","30.903117704080827","2361.960000000001","1437.705708275897","1905.788462638855","30.903117704080827","60.00000000000001","5","320","0.06272556766368037"
"run_vnqzlyv1","finished","-","adelemyers","","2023-07-03T11:44:41.000Z","2824","synthetic","ellipsoid","","true","","warm_start","false","5","0.01","true","sphere","[2,2,10]","3","2","0.001","false","false","41.63002771575464","2773.448177576065","23.594739589831622","2361.960000000001","41.63002771575464","2736.0363416671753","23.594739589831622","60.00000000000001","0.2","320","0.06200353062877687"
"run_apku7nbh","finished","-","adelemyers","","2023-07-03T11:35:01.000Z","579","synthetic","ellipsoid","","true","","warm_start","false","5","0.01","true","sphere","[2,2,3]","3","2","0.001","true","false","21.258142927346587","524.8005042076111","10.391692891335612","2361.960000000001","21.258142927346587","483.3451931476593","10.391692891335612","60.00000000000001","0.6666666666666666","320","0.06191232069893007"
"run_eu3hc1xe","finished","-","adelemyers","","2023-07-03T11:26:44.000Z","477","synthetic","ellipsoid","","true","","warm_start","false","5","0.01","true","sphere","[10,10,2]","3","1","0.001","false","false","742.3105186079441","450.3030581474304","36.72918480084766","158.76000000000005","742.3105186079441","437.0423581600189","36.72918480084766","60.00000000000001","5","80","0.06123744028814262"
"run_wh9lmm9u","finished","-","adelemyers","","2023-07-03T11:19:16.000Z","447","synthetic","ellipsoid","","true","","warm_start","false","5","0.01","true","sphere","[2,2,10]","3","1","0.001","false","false","14.855161597902502","421.39700651168823","5.437768405567754","158.76000000000005","14.855161597902502","410.1738774776459","5.437768405567754","60.00000000000001","0.2","80","0.06138884578300864"
"run_3nrlb6hq","finished","-","adelemyers","","2023-07-03T11:15:18.000Z","236","synthetic","ellipsoid","","true","","warm_start","false","5","0.01","true","sphere","[2,2,3]","3","1","0.001","false","false","10.764247136261815","212.8400566577911","5.100239576306562","158.76000000000005","10.764247136261815","205.1007843017578","5.100239576306562","60.00000000000001","0.6666666666666666","80","0.061610681239496486"
"run_n5yn1xiv","finished","-","adelemyers","","2023-07-03T04:46:22.000Z","23276","synthetic","ellipsoid","","true","","warm_start","false","5","0.001","true","sphere","[10,10,2]","3","4","0.001","false","false","1694.7923244432172","21260.004008293152","362.9509136492048","590745.9600000004","1694.7923244432172","19264.564209222794","362.9509136492048","60.000000000000014","5","5120","0.06025044545555325"
"run_zftoxdng","finished","-","adelemyers","","2023-07-02T22:36:17.000Z","22204","synthetic","ellipsoid","","true","","warm_start","false","5","0.001","true","sphere","[2,2,10]","3","4","0.001","false","false","2797.135002763208","20081.305685281754","123.1361551216812","590745.9600000004","2797.135002763208","17983.560608625412","123.1361551216812","60.000000000000014","0.2","5120","0.06024157023798064"
"run_5wsgoomy","finished","-","adelemyers","","2023-07-02T17:00:33.000Z","20142","synthetic","ellipsoid","","true","","warm_start","false","5","0.001","true","sphere","[2,2,3]","3","4","0.001","false","false","104.26641538382566","19352.212128162384","21.175968669039136","590745.9600000004","104.26641538382566","18568.221064329147","21.175968669039136","60.000000000000014","0.6666666666666666","5120","0.06031078426513093"
"run_kiihcada","finished","-","adelemyers","","2023-07-02T15:07:10.000Z","6743","synthetic","ellipsoid","","true","","warm_start","false","5","0.001","true","sphere","[10,10,2]","3","3","0.001","false","false","224.0194680571581","6367.564063549042","417.89527487038345","37094.76000000002","224.0194680571581","6003.052782058716","417.89527487038345","60.000000000000014","5","1280","0.060281115723405866"
"run_4wwm8wyx","finished","-","adelemyers","","2023-07-02T13:17:25.000Z","6583","synthetic","ellipsoid","","true","","warm_start","false","5","0.001","true","sphere","[2,2,10]","3","3","0.001","false","false","854.8540337739105","6003.433585166931","99.29595052724966","37094.76000000002","854.8540337739105","5434.404071331024","99.29595052724966","60.000000000000014","0.2","1280","0.06026887454680258"
"run_su6a9g5a","finished","-","adelemyers","","2023-07-02T10:53:36.000Z","8627","synthetic","ellipsoid","","true","","warm_start","false","5","0.001","true","sphere","[2,2,3]","3","3","0.001","false","false","33.94805120047965","8453.217768192291","7.063114828534426","37094.76000000002","33.94805120047965","8293.539563179016","7.063114828534426","60.000000000000014","0.6666666666666666","1280","0.060202890050970854"
"run_m51vi6wb","finished","-","adelemyers","","2023-07-02T10:23:06.000Z","1802","synthetic","ellipsoid","","true","","warm_start","false","5","0.001","true","sphere","[10,10,2]","3","2","0.001","false","false","1437.6869281991662","1651.7675383090973","29.18887467311492","2361.960000000001","1437.6869281991662","1513.0568845272064","29.18887467311492","60.00000000000001","5","320","0.0601926721185969"
"run_xxc9hssf","finished","-","adelemyers","","2023-07-02T09:39:05.000Z","2639","synthetic","ellipsoid","","true","","warm_start","false","5","0.001","true","sphere","[2,2,10]","3","2","0.001","false","false","34.64405697276548","2596.1666791439056","20.845088874874637","2361.960000000001","34.64405697276548","2569.0962207317352","20.845088874874637","60.00000000000001","0.2","320","0.06017151880021596"
"run_2l5i1cjq","finished","-","adelemyers","","2023-07-02T09:06:10.000Z","1974","synthetic","ellipsoid","","true","","warm_start","false","5","0.001","true","sphere","[2,2,3]","3","2","0.001","false","false","5.420334418396819","1933.141497373581","1.4167525602168558","2361.960000000001","5.420334418396819","1903.617736339569","1.4167525602168558","60.00000000000001","0.6666666666666666","320","0.0601314965634161"
"run_tebjk1au","finished","-","adelemyers","","2023-07-02T08:57:43.000Z","487","synthetic","ellipsoid","","true","","warm_start","false","5","0.001","true","sphere","[10,10,2]","3","1","0.001","false","false","742.7996692886475","460.61246514320374","36.6009726022915","158.76000000000005","742.7996692886475","448.19154477119446","36.6009726022915","60.00000000000001","5","80","0.06009786082633558"
"run_woorqugq","finished","-","adelemyers","","2023-07-02T08:52:02.000Z","335","synthetic","ellipsoid","","true","","warm_start","false","5","0.001","true","sphere","[2,2,10]","3","1","0.001","false","false","9.444870476906347","314.81533455848694","1.9775167809241283","158.76000000000005","9.444870476906347","305.2300579547882","1.9775167809241283","60.00000000000001","0.2","80","0.06017423663893011"
"run_mca4jd61","finished","-","adelemyers","","2023-07-02T08:47:56.000Z","245","synthetic","ellipsoid","","true","","warm_start","false","5","0.001","true","sphere","[2,2,3]","3","1","0.001","false","false","1.071688662839851","223.52047896385193","0.5072034904198844","158.76000000000005","1.071688662839851","214.3245275020599","0.5072034904198844","60.00000000000001","0.6666666666666666","80","0.06019461664295645"
"run_iu1pki5k","finished","-","adelemyers","","2023-07-02T01:28:37.000Z","26301","synthetic","ellipsoid","","true","","warm_start","false","5","0.0001","true","sphere","[10,10,2]","3","4","0.001","false","false","1694.7900996238488","22861.99095392227","362.94639086518754","590745.9600000004","1694.7900996238488","19376.352745771408","362.94639086518754","60.000000000000014","5","5120","0.06002587079529552"
"run_di3jeqp8","finished","-","adelemyers","","2023-07-01T19:25:00.000Z","21815","synthetic","ellipsoid","","true","","warm_start","false","5","0.0001","true","sphere","[2,2,10]","3","4","0.001","false","false","2797.0833656535897","19819.012202739716","123.03355953413748","590745.9600000004","2797.0833656535897","17883.210091114044","123.03355953413748","60.000000000000014","0.2","5120","0.060026249109360885"
"run_a4uhmylw","finished","-","adelemyers","","2023-07-01T10:07:45.000Z","33433","synthetic","ellipsoid","","true","","warm_start","false","5","0.0001","true","sphere","[2,2,3]","3","4","0.001","false","false","104.08670667264649","32341.039393901825","20.820554144520617","590745.9600000004","104.08670667264649","31260.43280863762","20.820554144520617","60.000000000000014","0.6666666666666666","5120","0.060023299390990735"
"run_p8tczr3d","finished","-","adelemyers","","2023-07-01T08:46:58.000Z","4787","synthetic","ellipsoid","","true","","warm_start","false","5","0.0001","true","sphere","[10,10,2]","3","3","0.001","false","false","223.88528007350908","4405.053722858429","417.8851875762867","37094.76000000002","223.88528007350908","4036.655037164688","417.8851875762867","60.000000000000014","5","1280","0.060023661816867566"
"run_y7ccxeej","finished","-","adelemyers","","2023-07-01T07:40:52.000Z","3964","synthetic","ellipsoid","","true","","warm_start","false","5","0.0001","true","sphere","[2,2,10]","3","3","0.001","false","false","854.7998515537777","3488.3664474487305","99.29159282884562","37094.76000000002","854.7998515537777","3021.9648294448853","99.29159282884562","60.000000000000014","0.2","1280","0.06002174352263922"
"run_60ncj6oe","finished","-","adelemyers","","2023-07-01T04:39:40.000Z","10871","synthetic","ellipsoid","","true","","warm_start","false","5","0.0001","true","sphere","[2,2,3]","3","3","0.001","false","false","33.63186552818948","10706.366427898409","6.725442101912689","37094.76000000002","33.63186552818948","10552.194846868517","6.725442101912689","60.000000000000014","0.6666666666666666","1280","0.06002675235554215"
"run_z4rx2dcx","finished","-","adelemyers","","2023-07-01T04:18:20.000Z","1252","synthetic","ellipsoid","","true","","warm_start","false","5","0.0001","true","sphere","[10,10,2]","3","2","0.001","false","false","1437.7053511874508","1165.7134788036346","29.211924207133897","2361.960000000001","1437.7053511874508","1091.7890892028809","29.211924207133897","60.00000000000001","5","320","0.060014900634464"
"run_gk6wynne","finished","-","adelemyers","","2023-07-01T03:23:33.000Z","3285","synthetic","ellipsoid","","true","","warm_start","false","5","0.0001","true","sphere","[2,2,10]","3","2","0.001","false","false","34.58833109831123","3246.9363889694214","20.82254423933872","2361.960000000001","34.58833109831123","3218.8403539657593","20.82254423933872","60.00000000000001","0.2","320","0.06002283244749632"
"run_1k23dsz8","finished","-","adelemyers","","2023-07-01T02:48:15.000Z","2116","synthetic","ellipsoid","","true","","warm_start","false","5","0.0001","true","sphere","[2,2,3]","3","2","0.001","false","false","5.009905155375145","2078.1650784015656","1.001459105919799","2361.960000000001","5.009905155375145","2049.8457815647125","1.001459105919799","60.00000000000001","0.6666666666666666","320","0.060018053880226574"
"run_jf3udgfw","finished","-","adelemyers","","2023-07-01T02:41:43.000Z","370","synthetic","ellipsoid","","true","","warm_start","false","5","0.0001","true","sphere","[10,10,2]","3","1","0.001","false","false","742.7645757586725","344.8202657699585","36.56703378264887","158.76000000000005","742.7645757586725","330.21076822280884","36.56703378264887","60.00000000000001","5","80","0.06001668043340387"
"run_m5vhb2ad","finished","-","adelemyers","","2023-07-01T02:35:18.000Z","383","synthetic","ellipsoid","","true","","warm_start","false","5","0.0001","true","sphere","[2,2,10]","3","1","0.001","false","false","9.433920514087356","361.51402139663696","1.8856880963695597","158.76000000000005","9.433920514087356","352.8704378604889","1.8856880963695597","60.00000000000001","0.2","80","0.06001389900805802"
"run_cmu8xrt0","finished","-","adelemyers","","2023-07-01T02:30:24.000Z","292","synthetic","ellipsoid","","true","","warm_start","false","5","0.0001","true","sphere","[2,2,3]","3","1","0.001","false","false","0.100169347741908","270.3058490753174","0.05264077765905238","158.76000000000005","0.100169347741908","262.51673340797424","0.05264077765905238","60.00000000000001","0.6666666666666666","80","0.0600083412850313"
"run_bfi1v02x","finished","-","adelemyers","","2023-06-30T17:06:30.000Z","33774","synthetic","ellipsoid","","true","","warm_start","false","5","0","true","sphere","[10,10,2]","3","4","0.001","false","false","1694.7957342607829","30874.19965815544","362.9435123560961","590745.9600000004","1694.7957342607829","28087.80551791191","362.9435123560961","60.000000000000014","5","5120","0.06000000000000002"
"run_e6123yhj","finished","-","adelemyers","","2023-06-30T11:53:25.000Z","18783","synthetic","ellipsoid","","true","","warm_start","false","5","0","true","sphere","[2,2,10]","3","4","0.001","false","false","2797.0645844524793","17296.34033346176","123.0259510945526","590745.9600000004","2797.0645844524793","15824.56640982628","123.0259510945526","60.000000000000014","0.2","5120","0.06000000000000002"
"run_mc8kyy2l","finished","-","adelemyers","","2023-06-30T03:39:56.000Z","29607","synthetic","ellipsoid","","true","","warm_start","false","5","0","true","sphere","[2,2,3]","3","4","0.001","false","false","104.08439271521443","28346.343419790268","20.81687854304286","590745.9600000004","104.08439271521443","27109.109709739685","20.81687854304286","60.000000000000014","0.6666666666666666","5120","0.06000000000000002"
"run_3j9ztu1s","finished","-","adelemyers","","2023-06-30T01:30:32.000Z","7702","synthetic","ellipsoid","","true","","warm_start","false","5","0","true","sphere","[10,10,2]","3","3","0.001","false","false","223.88194849199996","7391.945199728012","417.88232427019346","37094.76000000002","223.88194849199996","7098.283466100693","417.88232427019346","60.000000000000014","5","1280","0.06000000000000002"
"run_38qgcnad","finished","-","adelemyers","","2023-06-29T23:38:51.000Z","6699","synthetic","ellipsoid","","true","","warm_start","false","5","0","true","sphere","[2,2,10]","3","3","0.001","false","false","854.8005979914681","6077.5828013420105","99.28757096631136","37094.76000000002","854.8005979914681","5464.623951911926","99.28757096631136","60.000000000000014","0.2","1280","0.06000000000000002"
"run_52v2x8jv","finished","-","adelemyers","","2023-06-29T21:43:54.000Z","6895","synthetic","ellipsoid","","true","","warm_start","false","5","0","true","sphere","[2,2,3]","3","3","0.001","false","false","33.634043247787986","6728.199288845062","6.726808649557578","37094.76000000002","33.634043247787986","6575.429763555527","6.726808649557578","60.000000000000014","0.6666666666666666","1280","0.06000000000000002"
"run_gw2njk7h","finished","-","adelemyers","","2023-06-29T20:56:44.000Z","2802","synthetic","ellipsoid","","true","","warm_start","false","5","0","true","sphere","[10,10,2]","3","2","0.001","false","false","1437.7106569859752","2690.550992012024","29.209602702639856","2361.960000000001","1437.7106569859752","2590.966919183731","29.209602702639856","60.00000000000001","5","320","0.06000000000000001"
"run_ldpvgdsh","finished","-","adelemyers","","2023-06-29T20:30:45.000Z","1558","synthetic","ellipsoid","","true","","warm_start","false","5","0","true","sphere","[2,2,10]","3","2","0.001","false","false","34.58967841707795","1511.6358149051666","20.820471601453832","2361.960000000001","34.58967841707795","1475.675952911377","20.820471601453832","60.00000000000001","0.2","320","0.06000000000000001"
"run_ozmi9bj4","finished","-","adelemyers","","2023-06-29T20:00:54.000Z","1789","synthetic","ellipsoid","","true","","warm_start","false","5","0","true","sphere","[2,2,3]","3","2","0.001","false","false","4.999999999999925","1747.1679072380066","0.9999999999999756","2361.960000000001","4.999999999999925","1717.9098858833313","0.9999999999999756","60.00000000000001","0.6666666666666666","320","0.06000000000000001"
"run_pw8gacbv","finished","-","adelemyers","","2023-06-29T19:54:14.000Z","379","synthetic","ellipsoid","","true","","warm_start","false","5","0","true","sphere","[10,10,2]","3","1","0.001","false","false","742.7724386461261","356.25819396972656","36.56703862273717","158.76000000000005","742.7724386461261","345.73493695259094","36.56703862273717","60.00000000000001","5","80","0.06000000000000001"
"run_ui15n0xu","finished","-","adelemyers","","2023-06-29T19:45:54.000Z","498","synthetic","ellipsoid","","true","","warm_start","false","5","0","true","sphere","[2,2,10]","3","1","0.001","false","false","9.427840414751325","475.3264131546021","1.8855680829502628","158.76000000000005","9.427840414751325","463.2376217842102","1.8855680829502628","60.00000000000001","0.2","80","0.06000000000000001"
"run_bpjmclmd","finished","-","adelemyers","","2023-06-29T19:37:19.000Z","513","synthetic","ellipsoid","","true","","warm_start","false","5","0","true","sphere","[2,2,3]","3","1","0.001","false","false","5.024295868799918e-14","488.337521314621","2.8198790621291724e-14","158.76000000000005","5.024295868799918e-14","478.2871322631836","2.8198790621291724e-14","60.00000000000001","0.6666666666666666","80","0.06000000000000001"
"run_x6gjfrme","finished","-","adelemyers","","2023-06-29T18:02:21.000Z","1079","synthetic","ellipsoid","","","","warm_start","false","5","0","true","sphere","[2,2,3]","3","2","0.001","false","false","4.999999999999925","1034.1113877296448","0.9999999999999756","2361.960000000001","4.999999999999925","1004.0351855754852","0.9999999999999756","60.00000000000001","0.6666666666666666","320","0.06000000000000001"
"run_sfta2t84","finished","-","adelemyers","","2023-06-29T17:58:23.000Z","236","synthetic","ellipsoid","","","","warm_start","false","5","0","true","sphere","[10,10,2]","3","1","0.001","false","false","742.7724386461261","211.7626187801361","36.56703862273717","158.76000000000005","742.7724386461261","201.12883496284485","36.56703862273717","60.00000000000001","5","80","0.06000000000000001"
"run_wl1jcovn","finished","-","adelemyers","","2023-06-29T17:49:17.000Z","544","synthetic","ellipsoid","","","","warm_start","false","5","0","true","sphere","[2,2,10]","3","1","0.001","false","false","9.427840414751325","518.3836233615875","1.8855680829502628","158.76000000000005","9.427840414751325","506.8633637428284","1.8855680829502628","60.00000000000001","0.2","80","0.06000000000000001"
"run_fgu7eaax","finished","-","adelemyers","","2023-06-29T17:42:37.000Z","398","synthetic","ellipsoid","","","","warm_start","false","5","0","true","sphere","[2,2,3]","3","1","0.001","false","false","5.024295868799918e-14","376.3138692378998","2.8198790621291724e-14","158.76000000000005","5.024295868799918e-14","366.1982176303863","2.8198790621291724e-14","60.00000000000001","0.6666666666666666","80","0.06000000000000001"
"run_9mq2t76j","failed","-","adelemyers","","2023-06-29T16:06:13.000Z","36","synthetic","ellipsoid","","","","warm_start","false","10","0","true","sphere","[2,2,3]","","1","0.001","","","","","","","","","","","","",""
"run_8mnzybvu","finished","-","adelemyers","","2023-06-29T14:45:50.000Z","4821","synthetic","ellipsoid","","","","warm_start","false","5","0.01","true","sphere","[10,10,2]","","4","0.001","false","false","1696.8544183211277","2455.012107133866","365.02099494163537","768.6000000000003","1696.8544183211277","138.6699984073639","365.02099494163537","60.000000000000014","5","5120",""
"run_co2o9rn5","finished","-","adelemyers","","2023-06-29T13:50:12.000Z","3337","synthetic","ellipsoid","","","","warm_start","false","5","0.01","true","sphere","[2,2,10]","","4","0.001","false","false","2797.451455646996","1737.7223076820374","129.25593419901298","768.6000000000003","2797.451455646996","138.34884595870972","129.25593419901298","60.000000000000014","0.2","5120",""
"run_018is7bt","finished","-","adelemyers","","2023-06-29T12:41:51.000Z","4099","synthetic","ellipsoid","","","","warm_start","false","5","0.01","true","sphere","[2,2,3]","","4","0.001","false","false","133.85793174974808","2106.3743302822113","45.923943742004134","768.6000000000003","133.85793174974808","137.59900665283203","45.923943742004134","60.000000000000014","0.6666666666666666","5120",""
"run_lc8y8sae","finished","-","adelemyers","","2023-06-29T12:32:17.000Z","573","synthetic","ellipsoid","","","","warm_start","false","5","0.01","true","sphere","[10,10,2]","","3","0.001","false","false","227.1591852895496","285.0556409358978","418.0749574720271","192.60000000000005","227.1591852895496","10.101734638214111","418.0749574720271","60.000000000000014","5","1280",""
"run_gwohey7g","finished","-","adelemyers","","2023-06-29T12:12:01.000Z","1214","synthetic","ellipsoid","","","","warm_start","false","5","0.01","true","sphere","[2,2,10]","","3","0.001","false","false","854.4248880889992","599.5685863494873","101.83635231567908","192.60000000000005","854.4248880889992","10.147097110748293","101.83635231567908","60.000000000000014","0.2","1280",""
"run_gsll9azj","finished","-","adelemyers","","2023-06-29T12:02:58.000Z","541","synthetic","ellipsoid","","","","warm_start","false","5","0.01","true","sphere","[2,2,3]","","3","0.001","false","false","53.01404591684192","268.3708906173706","21.324293237995533","192.60000000000005","53.01404591684192","10.21635603904724","21.324293237995533","60.000000000000014","0.6666666666666666","1280",""
"run_cwkipdot","finished","-","adelemyers","","2023-06-29T12:00:34.000Z","142","synthetic","ellipsoid","","","","warm_start","false","5","0.01","true","sphere","[10,10,2]","","2","0.001","false","false","1438.9705575650253","64.86364579200745","31.69294975520416","48.60000000000001","1438.9705575650253","1.02638578414917","31.69294975520416","60.00000000000001","5","320",""
"run_p11a5vgq","finished","-","adelemyers","","2023-06-29T11:58:29.000Z","123","synthetic","ellipsoid","","","","warm_start","false","5","0.01","true","sphere","[2,2,10]","","2","0.001","false","false","39.28734460576375","53.62728524208069","22.182607502007567","48.60000000000001","39.28734460576375","1.0939621925354004","22.182607502007567","60.00000000000001","0.2","320",""
"run_m01fs7dt","finished","-","adelemyers","","2023-06-29T11:56:53.000Z","95","synthetic","ellipsoid","","","","warm_start","false","5","0.01","true","sphere","[2,2,3]","","2","0.001","false","false","21.030027329450448","41.20615887641907","9.849229556810062","48.60000000000001","21.030027329450448","1.105992078781128","9.849229556810062","60.00000000000001","0.6666666666666666","320",""
"run_40rr9rhl","finished","-","adelemyers","","2023-06-29T11:56:01.000Z","50","synthetic","ellipsoid","","","","warm_start","false","5","0.01","true","sphere","[10,10,2]","","1","0.001","false","false","744.9671418196851","18.343913793563843","37.416880486390234","12.6","744.9671418196851","0.24716663360595703","37.416880486390234","60.00000000000001","5","80",""
"run_h9e4pddw","finished","-","adelemyers","","2023-06-29T11:55:21.000Z","38","synthetic","ellipsoid","","","","warm_start","false","5","0.01","true","sphere","[2,2,10]","","1","0.001","false","false","13.912764454224654","13.464258670806885","5.088222248921124","12.6","13.912764454224654","0.2381916046142578","5.088222248921124","60.00000000000001","0.2","80",""
"run_9ul5k8dg","finished","-","adelemyers","","2023-06-29T11:54:50.000Z","29","synthetic","ellipsoid","","","","warm_start","false","5","0.01","true","sphere","[2,2,3]","","1","0.001","false","false","9.60337754450203","7.93182635307312","4.412028384169293","12.6","9.60337754450203","0.25475597381591797","4.412028384169293","60.00000000000001","0.6666666666666666","80",""
"run_8cru9u51","finished","-","adelemyers","","2023-06-29T10:22:58.000Z","5510","synthetic","ellipsoid","","","","warm_start","false","5","0.001","true","sphere","[10,10,2]","","4","0.001","false","false","1695.0466823436177","2805.433516263962","362.84699193285275","768.6000000000003","1695.0466823436177","137.39789175987244","362.84699193285275","60.000000000000014","5","5120",""
"run_7te4zhz2","finished","-","adelemyers","","2023-06-29T09:24:33.000Z","3503","synthetic","ellipsoid","","","","warm_start","false","5","0.001","true","sphere","[2,2,10]","","4","0.001","false","false","2796.952503309373","1818.374412059784","123.08440221299638","768.6000000000003","2796.952503309373","138.00498604774475","123.08440221299638","60.000000000000014","0.2","5120",""
"run_whrukz80","finished","-","adelemyers","","2023-06-29T08:53:15.000Z","1876","synthetic","ellipsoid","","","","warm_start","false","5","0.001","true","sphere","[2,2,3]","","4","0.001","false","false","104.5462178746152","998.440411567688","21.26433930533347","768.6000000000003","104.5462178746152","137.19627928733826","21.26433930533347","60.000000000000014","0.6666666666666666","5120",""
"run_teqfxwoc","finished","-","adelemyers","","2023-06-29T08:41:15.000Z","718","synthetic","ellipsoid","","","","warm_start","false","5","0.001","true","sphere","[10,10,2]","","3","0.001","false","false","224.0649509155087","355.67641162872314","417.9348315486468","192.60000000000005","224.0649509155087","10.294431924819946","417.9348315486468","60.000000000000014","5","1280",""
"run_5njte5f0","finished","-","adelemyers","","2023-06-29T08:10:18.000Z","1855","synthetic","ellipsoid","","","","warm_start","false","5","0.001","true","sphere","[2,2,10]","","3","0.001","false","false","854.8529764876736","924.7246198654176","99.32569633705111","192.60000000000005","854.8529764876736","10.25721549987793","99.32569633705111","60.000000000000014","0.2","1280",""
"run_tse3fx0a","finished","-","adelemyers","","2023-06-29T08:03:51.000Z","385","synthetic","ellipsoid","","","","warm_start","false","5","0.001","true","sphere","[2,2,3]","","3","0.001","false","false","33.74987188538678","189.73557829856873","7.003164457986738","192.60000000000005","33.74987188538678","10.364881038665771","7.003164457986738","60.000000000000014","0.6666666666666666","1280",""
"run_hbndr9rn","finished","-","adelemyers","","2023-06-29T08:00:51.000Z","179","synthetic","ellipsoid","","","","warm_start","false","5","0.001","true","sphere","[10,10,2]","","2","0.001","false","false","1437.757262809646","81.25889039039612","29.29577418033225","48.60000000000001","1437.757262809646","1.0969390869140625","29.29577418033225","60.00000000000001","5","320",""
"run_r5drns3b","finished","-","adelemyers","","2023-06-29T07:59:33.000Z","76","synthetic","ellipsoid","","","","warm_start","false","5","0.001","true","sphere","[2,2,10]","","2","0.001","false","false","34.68531755348058","32.545536518096924","20.87672490556863","48.60000000000001","34.68531755348058","1.0237596035003662","20.87672490556863","60.00000000000001","0.2","320",""
"run_yp2q5ojs","finished","-","adelemyers","","2023-06-29T07:58:22.000Z","69","synthetic","ellipsoid","","","","warm_start","false","5","0.001","true","sphere","[2,2,3]","","2","0.001","false","false","5.503321918467376","28.537962198257446","1.4937261828750623","48.60000000000001","5.503321918467376","1.2392737865447998","1.4937261828750623","60.00000000000001","0.6666666666666666","320",""
"run_ygp65ds7","finished","-","adelemyers","","2023-06-29T07:57:34.000Z","46","synthetic","ellipsoid","","","","warm_start","false","5","0.001","true","sphere","[10,10,2]","","1","0.001","false","false","742.6863803268182","13.547147274017334","36.526225325558286","12.6","742.6863803268182","0.2324824333190918","36.526225325558286","60.00000000000001","5","80",""
"run_rttrupqr","finished","-","adelemyers","","2023-06-29T07:57:00.000Z","32","synthetic","ellipsoid","","","","warm_start","false","5","0.001","true","sphere","[2,2,10]","","1","0.001","false","false","9.53522103275345","9.9621000289917","1.9917897415999095","12.6","9.53522103275345","0.22719669342041016","1.9917897415999095","60.00000000000001","0.2","80",""
"run_50sfo0rq","finished","-","adelemyers","","2023-06-29T07:56:29.000Z","29","synthetic","ellipsoid","","","","warm_start","false","5","0.001","true","sphere","[2,2,3]","","1","0.001","false","false","1.093963699706505","8.228458642959595","0.5692984680558963","12.6","1.093963699706505","0.23963189125061035","0.5692984680558963","60.00000000000001","0.6666666666666666","80",""
"run_hoh40ud7","finished","-","adelemyers","","2023-06-29T06:10:42.000Z","6346","synthetic","ellipsoid","","","","warm_start","false","5","0.0001","true","sphere","[10,10,2]","","4","0.001","false","false","1694.8006005311709","3218.0921425819397","362.94306492750394","768.6000000000003","1694.8006005311709","137.99370431900024","362.94306492750394","60.000000000000014","5","5120",""
"run_pzseibuc","finished","-","adelemyers","","2023-06-29T05:16:57.000Z","3223","synthetic","ellipsoid","","","","warm_start","false","5","0.0001","true","sphere","[2,2,10]","","4","0.001","false","false","2797.0530714660435","1669.900667667389","123.02243337294792","768.6000000000003","2797.0530714660435","137.1832709312439","123.02243337294792","60.000000000000014","0.2","5120",""
"run_r5gao49a","finished","-","adelemyers","","2023-06-29T04:36:42.000Z","2413","synthetic","ellipsoid","","","","warm_start","false","5","0.0001","true","sphere","[2,2,3]","","4","0.001","false","false","104.09372867804356","1286.258671760559","20.82248098507336","768.6000000000003","104.09372867804356","139.55185961723328","20.82248098507336","60.000000000000014","0.6666666666666666","5120",""
"run_8p02t2ry","finished","-","adelemyers","","2023-06-29T04:27:10.000Z","571","synthetic","ellipsoid","","","","warm_start","false","5","0.0001","true","sphere","[10,10,2]","","3","0.001","false","false","223.88426080501804","285.57899498939514","417.8827480236705","192.60000000000005","223.88426080501804","10.232813835144045","417.8827480236705","60.000000000000014","5","1280",""
"run_snho83n2","finished","-","adelemyers","","2023-06-29T04:06:48.000Z","1220","synthetic","ellipsoid","","","","warm_start","false","5","0.0001","true","sphere","[2,2,10]","","3","0.001","false","false","854.8081181765474","609.0076401233673","99.29060321769504","192.60000000000005","854.8081181765474","10.132818937301636","99.29060321769504","60.000000000000014","0.2","1280",""
"run_97474o01","finished","-","adelemyers","","2023-06-29T04:01:37.000Z","309","synthetic","ellipsoid","","","","warm_start","false","5","0.0001","true","sphere","[2,2,3]","","3","0.001","false","false","33.6310818075909","153.48054599761963","6.726918787230169","192.60000000000005","33.6310818075909","10.19523549079895","6.726918787230169","60.000000000000014","0.6666666666666666","1280",""
"run_8f011oxi","finished","-","adelemyers","","2023-06-29T03:58:55.000Z","160","synthetic","ellipsoid","","","","warm_start","false","5","0.0001","true","sphere","[10,10,2]","","2","0.001","false","false","1437.6941985068918","74.08012104034424","29.19985373475425","48.60000000000001","1437.6941985068918","1.0130677223205566","29.19985373475425","60.00000000000001","5","320",""
"run_ouvm9pzs","finished","-","adelemyers","","2023-06-29T03:57:44.000Z","69","synthetic","ellipsoid","","","","warm_start","false","5","0.0001","true","sphere","[2,2,10]","","2","0.001","false","false","34.58770823997673","28.288158655166622","20.8272955226542","48.60000000000001","34.58770823997673","1.0213797092437744","20.8272955226542","60.00000000000001","0.2","320",""
"run_yis2o9c5","finished","-","adelemyers","","2023-06-29T03:56:32.000Z","70","synthetic","ellipsoid","","","","warm_start","false","5","0.0001","true","sphere","[2,2,3]","","2","0.001","false","false","5.006937973729606","28.280065774917603","1.007665743858601","48.60000000000001","5.006937973729606","1.030510425567627","1.007665743858601","60.00000000000001","0.6666666666666666","320",""
"run_en574nyq","finished","-","adelemyers","","2023-06-29T03:55:40.000Z","50","synthetic","ellipsoid","","","","warm_start","false","5","0.0001","true","sphere","[10,10,2]","","1","0.001","false","false","742.7622422131757","18.89798331260681","36.56633758110805","12.6","742.7622422131757","0.2424354553222656","36.56633758110805","60.00000000000001","5","80",""
"run_tpf4eeux","finished","-","adelemyers","","2023-06-29T03:55:06.000Z","32","synthetic","ellipsoid","","","","warm_start","false","5","0.0001","true","sphere","[2,2,10]","","1","0.001","false","false","9.44797970156209","11.10183572769165","1.892246075465822","12.6","9.44797970156209","0.2380886077880859","1.892246075465822","60.00000000000001","0.2","80",""
"run_nzjx89th","finished","-","adelemyers","","2023-06-29T03:54:36.000Z","28","synthetic","ellipsoid","","","","warm_start","false","5","0.0001","true","sphere","[2,2,3]","","1","0.001","false","false","0.09843555327122928","7.886622428894043","0.04786611527810894","12.6","0.09843555327122928","0.2346649169921875","0.04786611527810894","60.00000000000001","0.6666666666666666","80",""
"run_3lrae4cn","finished","-","adelemyers","","2023-06-29T01:31:00.000Z","8614","synthetic","ellipsoid","","","","warm_start","false","5","0","true","sphere","[10,10,2]","","4","0.001","false","false","1694.7957342607829","5745.572299957275","362.9435123560961","768.6000000000003","1694.7957342607829","2905.668251514435","362.9435123560961","60.000000000000014","5","5120",""
"run_fp2aovx5","finished","-","adelemyers","","2023-06-28T23:33:41.000Z","7037","synthetic","ellipsoid","","","","warm_start","false","5","0","true","sphere","[2,2,10]","","4","0.001","false","false","2797.0645844524793","5578.387899875641","123.0259510945526","768.6000000000003","2797.0645844524793","4123.203877687454","123.0259510945526","60.000000000000014","0.2","5120",""
"run_vnrt6wqg","finished","-","adelemyers","","2023-06-28T22:26:27.000Z","4032","synthetic","ellipsoid","","","","warm_start","false","5","0","true","sphere","[2,2,3]","","4","0.001","false","false","104.08439271521443","2760.731882572174","20.81687854304286","768.6000000000003","104.08439271521443","1477.8196377754211","20.81687854304286","60.000000000000014","0.6666666666666666","5120",""
"run_jhbkxuvw","finished","-","adelemyers","","2023-06-28T22:07:05.000Z","1160","synthetic","ellipsoid","","","","warm_start","false","5","0","true","sphere","[10,10,2]","","3","0.001","false","false","223.88194849199996","850.8418226242065","417.88232427019346","192.60000000000005","223.88194849199996","553.3224990367889","417.88232427019346","60.000000000000014","5","1280",""
"run_woqwewi9","finished","-","adelemyers","","2023-06-28T21:40:31.000Z","1592","synthetic","ellipsoid","","","","warm_start","false","5","0","true","sphere","[2,2,10]","","3","0.001","false","false","854.8005979914681","969.9909868240356","99.28757096631136","192.60000000000005","854.8005979914681","363.4435179233551","99.28757096631136","60.000000000000014","0.2","1280",""
"run_qudcs9kj","finished","-","adelemyers","","2023-06-28T21:31:54.000Z","515","synthetic","ellipsoid","","","","warm_start","false","5","0","true","sphere","[2,2,3]","","3","0.001","false","false","33.634043247787986","352.2683255672455","6.726808649557578","192.60000000000005","33.634043247787986","202.12683272361755","6.726808649557578","60.000000000000014","0.6666666666666666","1280",""
"run_nnb4ff92","finished","-","adelemyers","","2023-06-28T21:25:53.000Z","359","synthetic","ellipsoid","","","","warm_start","false","5","0","true","sphere","[10,10,2]","","2","0.001","false","false","1437.7106569859752","244.1288695335388","29.209602702639856","48.60000000000001","1437.7106569859752","144.31461453437805","29.209602702639856","60.00000000000001","5","320",""
"run_du09e3o1","finished","-","adelemyers","","2023-06-28T21:24:24.000Z","87","synthetic","ellipsoid","","","","warm_start","false","5","0","true","sphere","[2,2,10]","","2","0.001","false","false","34.58967841707795","36.70405411720276","20.820471601453832","48.60000000000001","34.58967841707795","1.238983154296875","20.820471601453832","60.00000000000001","0.2","320",""
"run_8gjuradr","finished","-","adelemyers","","2023-06-28T21:23:10.000Z","73","synthetic","ellipsoid","","","","warm_start","false","5","0","true","sphere","[2,2,3]","","2","0.001","false","false","4.999999999999925","29.47413015365601","0.9999999999999756","48.60000000000001","4.999999999999925","1.0147273540496826","0.9999999999999756","60.00000000000001","0.6666666666666666","320",""
"run_43acu8dl","finished","-","adelemyers","","2023-06-28T21:22:34.000Z","34","synthetic","ellipsoid","","","","warm_start","false","5","0","true","sphere","[10,10,2]","","1","0.001","false","false","742.7724386461261","10.87555980682373","36.56703862273717","12.6","742.7724386461261","0.24372053146362305","36.56703862273717","60.00000000000001","5","80",""
"run_ixnlip9m","finished","-","adelemyers","","2023-06-28T21:21:56.000Z","36","synthetic","ellipsoid","","","","warm_start","false","5","0","true","sphere","[2,2,10]","","1","0.001","false","false","9.427840414751325","12.103895664215088","1.8855680829502628","12.6","9.427840414751325","0.8426909446716309","1.8855680829502628","60.00000000000001","0.2","80",""
"run_85g0tq1w","finished","-","adelemyers","","2023-06-28T21:21:21.000Z","33","synthetic","ellipsoid","","","","warm_start","false","5","0","true","sphere","[2,2,3]","","1","0.001","false","false","5.024295868799918e-14","9.953501224517822","2.8198790621291724e-14","12.6","5.024295868799918e-14","0.2789425849914551","2.8198790621291724e-14","60.00000000000001","0.6666666666666666","80",""
"run_dv1e294v","finished","-","adelemyers","","2023-06-28T21:18:11.000Z","30","synthetic","ellipsoid","","","","warm_start","false","5","0","true","sphere","[2,2,3]","","1","0.001","0","0","5.024295868799918e-14","9.589464902877808","2.8198790621291724e-14","12.6","5.024295868799918e-14","0.2577829360961914","2.8198790621291724e-14","60.00000000000001","0.6666666666666666","80",""
"run_r5vrd88h","finished","-","adelemyers","","2023-06-28T21:16:48.000Z","34","synthetic","ellipsoid","","","","warm_start","false","5","0","true","sphere","[2,2,3]","","1","0.001","0","0","5.024295868799918e-14","12.964232444763184","2.8198790621291724e-14","12.6","5.024295868799918e-14","0.2726750373840332","2.8198790621291724e-14","60.00000000000001","0.6666666666666666","80",""
"run_8zu7mvoh","finished","-","adelemyers","","2023-06-28T21:15:18.000Z","36","synthetic","ellipsoid","","","","warm_start","false","5","0","true","sphere","[2,2,3]","","1","0.001","0","0","5.024295868799918e-14","9.779431104660034","2.8198790621291724e-14","12.6","5.024295868799918e-14","0.2637207508087158","2.8198790621291724e-14","60.00000000000001","0.6666666666666666","80",""
"run_u9aw376n","finished","-","adelemyers","","2023-06-28T21:13:52.000Z","38","synthetic","ellipsoid","","","","warm_start","false","5","0","true","sphere","[2,2,10]","","1","0.001","false","false","9.427840414751325","11.752192974090576","1.8855680829502628","12.6","9.427840414751325","0.24498271942138672","1.8855680829502628","60.00000000000001","0.2","80",""
"run_y67qs4ge","finished","-","adelemyers","","2023-06-28T21:13:16.000Z","34","synthetic","ellipsoid","","","","warm_start","false","5","0","true","sphere","[2,2,3]","","1","0.001","false","false","5.024295868799918e-14","12.250779628753662","2.8198790621291724e-14","12.6","5.024295868799918e-14","0.2613041400909424","2.8198790621291724e-14","60.00000000000001","0.6666666666666666","80",""
"run_yqne9ce6","finished","-","adelemyers","","2023-06-28T21:08:59.000Z","88","synthetic","ellipsoid","","","","warm_start","false","5","0","true","sphere","[2,2,10]","","2","0.001","false","false","34.58967841707795","37.41371703147888","20.820471601453832","48.60000000000001","34.58967841707795","1.5124351978302002","20.820471601453832","60.00000000000001","","320",""
"run_homlitzk","finished","-","adelemyers","","2023-06-28T21:07:43.000Z","74","synthetic","ellipsoid","","","","warm_start","false","5","0","true","sphere","[2,2,3]","","2","0.001","false","false","4.999999999999925","31.046593189239506","0.9999999999999756","48.60000000000001","4.999999999999925","1.0846374034881592","0.9999999999999756","60.00000000000001","","320",""
"run_oc04bc9r","finished","-","adelemyers","","2023-06-28T21:07:06.000Z","35","synthetic","ellipsoid","","","","warm_start","false","5","0","true","sphere","[10,10,2]","","1","0.001","false","false","742.7724386461261","13.164411544799805","36.56703862273717","12.6","742.7724386461261","0.2467191219329834","36.56703862273717","60.00000000000001","","80",""
"run_6it7gdwa","finished","-","adelemyers","","2023-06-28T21:06:29.000Z","35","synthetic","ellipsoid","","","","warm_start","false","5","0","true","sphere","[2,2,10]","","1","0.001","false","false","9.427840414751325","11.814990043640137","1.8855680829502628","12.6","9.427840414751325","0.2335641384124756","1.8855680829502628","60.00000000000001","","80",""
"run_n363hlw8","finished","-","adelemyers","","2023-06-28T21:05:54.000Z","34","synthetic","ellipsoid","","","","warm_start","false","5","0","true","sphere","[2,2,3]","","1","0.001","false","false","5.024295868799918e-14","9.828059911727903","2.8198790621291724e-14","12.6","5.024295868799918e-14","0.26509547233581543","2.8198790621291724e-14","60.00000000000001","","80",""
"run_sjje0vgv","finished","-","adelemyers","","2023-06-28T21:01:06.000Z","138","synthetic","ellipsoid","","","","warm_start","false","5","0","true","sphere","[2,2,10]","","2","0.001","false","false","34.58967841707795","85.97534823417664","20.820471601453832","48.60000000000001","34.58967841707795","48.84388566017151","20.820471601453832","60.00000000000001","","",""
"run_royb6u59","finished","-","adelemyers","","2023-06-28T20:59:08.000Z","116","synthetic","ellipsoid","","","","warm_start","false","5","0","true","sphere","[2,2,3]","","2","0.001","false","false","4.999999999999925","72.57140874862671","0.9999999999999756","48.60000000000001","4.999999999999925","44.086031675338745","0.9999999999999756","60.00000000000001","","",""
"run_hhnt8nea","finished","-","adelemyers","","2023-06-28T20:58:08.000Z","58","synthetic","ellipsoid","","","","warm_start","false","5","0","true","sphere","[10,10,2]","","1","0.001","false","false","742.7724386461261","33.78904581069946","36.56703862273717","12.6","742.7724386461261","20.417805671691895","36.56703862273717","60.00000000000001","","",""
"run_l92u0stx","finished","-","adelemyers","","2023-06-28T20:57:18.000Z","48","synthetic","ellipsoid","","","","warm_start","false","5","0","true","sphere","[2,2,10]","","1","0.001","false","false","9.427840414751325","22.956957578659058","1.8855680829502628","12.6","9.427840414751325","11.300370454788208","1.8855680829502628","60.00000000000001","","",""
"run_povg3o9w","finished","-","adelemyers","","2023-06-28T20:56:30.000Z","46","synthetic","ellipsoid","","","","warm_start","false","5","0","true","sphere","[2,2,3]","","1","0.001","false","false","5.024295868799918e-14","20.88663911819458","2.8198790621291724e-14","12.6","5.024295868799918e-14","10.273597240447998","2.8198790621291724e-14","60.00000000000001","","",""
"run_oo6d1qet","finished","-","adelemyers","","2023-06-28T18:32:49.000Z","442","synthetic","ellipsoid","","","","warm_start","false","5","0.01","true","sphere","","","","","false","false","40.19536657004181","217.98644495010376","19.596810981332304","192.60000000000005","40.19536657004181","10.017968893051147","19.596810981332304","60.000000000000014","","",""
"run_uyukor3f","finished","-","adelemyers","","2023-06-28T18:22:10.000Z","637","synthetic","ellipsoid","","","","warm_start","false","5","0.001","true","sphere","","","","","false","false","5.498648320323414","316.65293526649475","2.141647454365786","192.60000000000005","5.498648320323414","9.95567011833191","2.141647454365786","60.000000000000014","","",""
"run_tp4haejy","finished","-","adelemyers","","2023-06-28T18:09:55.000Z","733","synthetic","ellipsoid","","","","warm_start","false","5","0.0001","true","sphere","","","","","false","false","3.7217709074371417","361.7276725769043","0.5841369908175559","192.60000000000005","3.7217709074371417","10.073114156723022","0.5841369908175559","60.000000000000014","","",""
"run_3t3ughdp","finished","-","adelemyers","","2023-06-28T17:56:58.000Z","775","synthetic","ellipsoid","","","","warm_start","false","5","0","true","sphere","","","","","false","false","3.698132590648502","383.40834188461304","0.5455445747775325","192.60000000000005","3.698132590648502","10.058504104614258","0.5455445747775325","60.000000000000014","","",""
"run_qn71x0ec","finished","-","adelemyers","","2023-06-28T17:50:53.000Z","363","real","","","","","warm_start","false","","","true","","","","","","true","true","7.38852966191067","184.6370370388031","4.19914624162314","48.68277167963585","7.38852966191067","21.09443759918213","4.19914624162314","4.108250774652815","","",""
"run_n5minler","failed","-","adelemyers","","2023-06-27T20:14:10.000Z","2729","synthetic","ellipsoid","","","","warm_start","true","5","0","true","sphere","","","","","false","false","","","","192.60000000000005","3.698132590648502","9.746287107467651","0.5455445747775325","60.000000000000014","","",""
"run_oqywox1e","finished","-","adelemyers","","2023-06-27T03:52:44.000Z","1232","synthetic","ellipsoid","","","","warm_start","false","30","0.01","true","sphere","","","","","0","0","257.0283029799039","1217.6659095287323","73.67947737098471","1155.6000000000004","257.0283029799039","10.851696491241457","73.67947737098471","60.000000000000014","","",""
"run_qtioceve","finished","-","adelemyers","","2023-06-27T03:33:47.000Z","1135","synthetic","ellipsoid","","","","warm_start","false","30","0.001","true","sphere","","","","","0","0","255.92705106125877","1121.622981548309","72.74902018447185","1155.6000000000004","255.92705106125877","10.90135669708252","72.74902018447185","60.000000000000014","","",""
"run_cfgwo0yu","finished","-","adelemyers","","2023-06-27T03:13:45.000Z","1200","synthetic","ellipsoid","","","","warm_start","false","30","0.0001","true","sphere","","","","","0","0","255.96215662318448","1185.7464699745178","72.78940887924966","1155.6000000000004","255.96215662318448","10.82468032836914","72.78940887924966","60.000000000000014","","",""
"run_u4cjg0bs","finished","-","adelemyers","","2023-06-27T02:53:11.000Z","1232","synthetic","ellipsoid","","","","warm_start","false","30","0","true","sphere","","","","","0","0","255.96493595380431","1220.187497138977","72.79102773416545","1155.6000000000004","255.96493595380431","11.291352272033691","72.79102773416545","60.000000000000014","","",""
"run_sgicd7yg","finished","-","adelemyers","","2023-06-27T02:39:21.000Z","828","synthetic","ellipsoid","","","","warm_start","false","20","0.01","true","sphere","","","","","0","0","211.81790903400037","815.0744683742523","59.27912641804564","770.4000000000002","211.81790903400037","11.003114938735962","59.27912641804564","60.000000000000014","","",""
"run_n4ae8izk","finished","-","adelemyers","","2023-06-27T02:26:00.000Z","799","synthetic","ellipsoid","","","","warm_start","false","20","0.001","true","sphere","","","","","0","0","211.14483826386336","784.5746352672577","58.52788398247103","770.4000000000002","211.14483826386336","10.948676347732544","58.52788398247103","60.000000000000014","","",""
"run_hr21hmdh","finished","-","adelemyers","","2023-06-27T02:12:27.000Z","811","synthetic","ellipsoid","","","","warm_start","false","20","0.0001","true","sphere","","","","","0","0","211.14330595305657","799.3968164920807","58.515227744282","770.4000000000002","211.14330595305657","11.006551504135132","58.515227744282","60.000000000000014","","",""
"run_q0wbde6m","finished","-","adelemyers","","2023-06-27T01:33:09.000Z","2356","synthetic","ellipsoid","","","","warm_start","false","20","0","true","sphere","","","","","0","0","211.148309580843","2343.611367702484","58.51775987232534","770.4000000000002","211.148309580843","1574.2776067256927","58.51775987232534","60.000000000000014","","",""
"run_38wbf7dx","finished","-","adelemyers","","2023-06-27T01:23:05.000Z","602","synthetic","ellipsoid","","","","warm_start","false","15","0.01","true","sphere","","","","","0","0","276.8727183207866","589.2280056476593","76.86002583014833","577.8000000000002","276.8727183207866","10.941423892974854","76.86002583014833","60.000000000000014","","",""
"run_wtzffvkt","finished","-","adelemyers","","2023-06-27T01:14:14.000Z","529","synthetic","ellipsoid","","","","warm_start","false","15","0.001","true","sphere","","","","","0","0","277.13772931377804","515.461672782898","76.57307215182189","577.8000000000002","277.13772931377804","10.82599401473999","76.57307215182189","60.000000000000014","","",""
"run_bmb3iyw4","finished","-","adelemyers","","2023-06-27T01:03:43.000Z","629","synthetic","ellipsoid","","","","warm_start","false","15","0.0001","true","sphere","","","","","0","0","277.0245327423726","615.6639311313629","76.49688539917956","577.8000000000002","277.0245327423726","10.871297597885132","76.49688539917956","60.000000000000014","","",""
"run_8gkv4han","finished","-","adelemyers","","2023-06-27T00:34:52.000Z","1730","synthetic","ellipsoid","","","","warm_start","false","15","0","true","sphere","","","","","0","0","277.03056011061454","1715.9646863937378","76.50195929437967","577.8000000000002","277.03056011061454","1191.5304145812988","76.50195929437967","60.000000000000014","","",""
"run_uk3yayjr","finished","-","adelemyers","","2023-06-27T00:28:01.000Z","409","synthetic","ellipsoid","","","","warm_start","false","10","0.01","true","sphere","","","","","0","0","220.36100362901624","395.8335373401642","59.815081806672694","385.2000000000001","220.36100362901624","10.742158889770508","59.815081806672694","60.000000000000014","","",""
"run_ps9p688s","finished","-","adelemyers","","2023-06-27T00:21:37.000Z","382","synthetic","ellipsoid","","","","warm_start","false","10","0.001","true","sphere","","","","","0","0","218.55060310659263","369.42853450775146","57.59776667201286","385.2000000000001","218.55060310659263","10.780043840408323","57.59776667201286","60.000000000000014","","",""
"run_alcc2ppi","finished","-","adelemyers","","2023-06-27T00:15:19.000Z","376","synthetic","ellipsoid","","","","warm_start","false","10","0.0001","true","sphere","","","","","0","0","218.5275980857945","363.21868443489075","57.57158982776343","385.2000000000001","218.5275980857945","10.76890468597412","57.57158982776343","60.000000000000014","","",""
"run_kxexpncp","finished","-","adelemyers","","2023-06-26T23:57:30.000Z","1067","synthetic","ellipsoid","","","","warm_start","false","10","0","true","sphere","","","","","0","0","218.5322475279992","1054.3503198623655","57.573770562905835","385.2000000000001","218.5322475279992","689.1584966182709","57.573770562905835","60.000000000000014","","",""
"run_kvpdievs","finished","-","adelemyers","","2023-06-26T23:53:46.000Z","222","synthetic","ellipsoid","","","","warm_start","false","5","0.01","true","sphere","","","","","0","0","42.415575518812624","209.3460075855255","20.80619247041364","192.60000000000005","42.415575518812624","10.89306902885437","20.80619247041364","60.000000000000014","","",""
"run_2zhk9v1s","finished","-","adelemyers","","2023-06-26T23:48:28.000Z","316","synthetic","ellipsoid","","","","warm_start","false","5","0.001","true","sphere","","","","","0","0","5.545908520691876","301.4386975765228","2.0616871900583926","192.60000000000005","5.545908520691876","11.119937896728516","2.0616871900583926","60.000000000000014","","",""
"run_wpds187i","finished","-","adelemyers","","2023-06-26T23:41:19.000Z","427","synthetic","ellipsoid","","","","warm_start","false","5","0.0001","true","sphere","","","","","0","0","3.712461528110462","413.6689410209656","0.5800004397475366","192.60000000000005","3.712461528110462","10.83597493171692","0.5800004397475366","60.000000000000014","","",""
"run_8px0ynut","finished","-","adelemyers","","2023-06-26T23:34:16.000Z","421","synthetic","ellipsoid","","","","warm_start","false","5","0","true","sphere","","","","","0","0","3.698132590648501","405.90043592453","0.545544574777533","192.60000000000005","3.698132590648501","10.508662939071655","0.545544574777533","60.000000000000014","","",""